A,B,C,D,E,F,G,H,target
72,0,4,3,2,0,1,0,1
12,0,12,4,0,0,0,0,0
2,0,11,1,0,0,0,0,0
4,0,224,28,3,0,15,3,1
5,0,111,60,2,0,2,8,1
651,20,13,1,0,2,13,0,1
37,0,9,1,0,0,0,0,1
1,0,23,3,0,0,0,0,0
18,0,13,0,0,0,2,0,0
215,4,29,3,2,4,23,1,1
5,0,2,0,0,1,16,1,1
50,0,115,0,0,0,1,0,1
34,0,13,1,0,0,0,0,0
45,1,79,9,5,0,4,1,1
60,1,80,8,0,0,0,0,1
128,2,12,0,1,1,0,0,1
194,0,3,0,0,3,0,0,1
32,0,33,0,0,0,0,0,1
4,0,19,1,0,0,2,1,1
66,1,9,4,0,0,2,0,1
4,0,7,0,0,1,3,2,1
14,0,7,0,0,0,0,0,1
16,0,2,2,0,3,0,0,1
2,0,10,5,0,0,0,0,0
12,0,8,3,0,0,2,0,1
97,3,5,0,0,0,4,0,0
167,0,110,0,0,1,9,1,0
38,0,14,6,0,2,0,0,1
25,0,14,0,0,2,1,0,0
452,2,4,0,0,0,4,0,1
4513,15,17,4,0,5,6,0,1
70,2,15,0,0,0,4,0,1
1,0,17,0,0,0,2,0,0
11,0,14,0,0,0,0,0,0
14,0,24,0,3,0,0,0,0
0,0,27,1,1,0,5,0,0
78,0,12,1,0,1,1,0,1
333,5,18,5,0,0,13,2,1
1,0,15,1,0,0,0,0,0
210,7,11,0,0,0,0,0,0
7357,11,16,1,0,1,14,0,1
33,1,6,1,0,0,4,1,1
6,0,176,15,0,0,2,2,1
246,3,6,0,1,0,4,0,1
130,2,26,2,0,2,19,0,1
333,2,24,3,3,0,9,0,1
17,0,26,14,0,0,0,0,0
19,0,18,4,0,0,0,0,0
33,0,39,1,0,0,0,0,0
37,0,40,0,0,0,0,0,1
147,2,11,0,3,0,3,0,1
3,12,0,0,0,1,3,0,1
16,0,7,3,1,0,0,0,1
188,7,5,0,0,3,4,0,0
47,0,7,0,0,0,1,0,0
117,0,46,4,0,1,1,0,1
18,0,60,1,0,0,1,0,0
37,1,24,0,1,0,7,0,1
57,1,9,0,0,0,0,0,0
110,1,44,6,2,0,7,1,1
110,3,11,2,0,0,1,0,0
11,0,11,1,0,0,0,0,0
14,0,22,1,0,0,0,0,1
1063,67,228,56,12,15,41,3,1
32,5,148,3,0,0,2,0,1
41,0,5,7,0,0,2,0,1
20,0,57,4,0,0,0,0,0
291,3,3,1,0,0,6,0,0
189,3,29,1,0,0,11,0,1
19,0,6,1,0,1,0,0,1
2,0,15,0,0,0,1,0,0
27,1,107,0,0,1,3,0,0
30,1,23,5,0,0,2,0,0
33,0,5,3,1,0,1,0,1
4,0,16,0,0,0,2,0,1
623,3,23,2,0,5,3,0,1
91,0,14,5,0,0,1,2,1
714,20,4,0,0,2,10,0,1
22,0,6,2,0,0,0,0,0
272,2,11,2,1,0,0,0,1
5,0,97,11,1,0,2,0,1
690,20,11,4,0,0,4,1,1
155,2,15,1,0,9,11,0,0
24,1,33,10,0,0,0,0,0
90,2,8,0,0,0,1,0,0
7,0,13,0,1,0,1,4,1
65,0,17,3,0,0,1,0,0
38,0,8,1,0,0,0,0,1
548,5,5,4,0,1,1,1,0
3819,27,7,0,0,11,6,0,1
30,0,9,0,0,0,0,0,0
43,0,26,0,0,0,1,0,1
7,0,9,1,0,0,0,0,0
34,0,10,1,0,0,0,0,0
72,0,31,1,0,1,3,0,1
20,0,18,0,0,0,0,0,0
125,4,4,0,0,0,2,0,1
26,0,33,2,1,0,0,0,0
2,2,10,0,0,0,0,0,0
668,16,8,0,0,2,0,0,1
95,4,14,0,0,0,0,0,0
27,0,1,11,2,0,0,0,0
215,5,3,1,1,2,4,0,1
28,0,8,2,1,0,1,0,1
140,3,11,1,0,0,0,0,0
26,0,6,1,0,0,1,0,1
13,0,16,2,0,0,1,0,1
27,0,7,2,0,0,0,0,0
72,0,68,155,4,0,0,0,1
74,0,3,1,0,1,2,0,0
63,0,6,0,0,0,0,0,1
39,4,1,0,0,0,7,0,1
166,3,4,1,3,5,3,0,1
161,3,1,0,0,7,4,0,1
77,0,17,1,0,0,0,0,1
47,0,271,13,1,0,2,0,0
23,0,15,1,0,0,0,0,0
47,1,2,6,0,0,0,0,0
55,0,16,0,0,0,0,0,0
3,0,15,0,0,0,0,0,0
17,0,21,0,0,0,0,0,0
28,0,19,0,0,0,2,0,0
31,1,13,1,0,0,0,0,0
25,1,45,3,0,0,0,0,0
5,0,8,0,1,0,7,0,0
164,2,53,7,0,0,8,0,1
9,0,15,2,0,0,0,0,0
10,0,51,5,0,0,0,0,1
71,2,2,1,1,0,2,0,1
50,0,40,4,0,0,0,0,1
57,0,17,7,0,0,0,0,1
2,1,196,8,17,1,21,4,1
89,0,10,0,0,0,0,0,0
63,0,4,2,0,0,1,0,1
65,0,31,0,0,0,1,0,0
21,0,16,1,0,0,0,0,0
55,0,1,4,7,0,1,0,0
83,0,10,0,0,0,0,0,1
113,0,15,5,1,0,0,0,1
14,1,9,1,0,0,0,0,0
0,1,18,0,0,0,0,0,0
69,1,11,2,0,0,3,0,1
13,1,106,1,0,0,0,0,0
0,0,25,0,0,0,0,0,0
102,2,7,2,0,0,3,0,1
663,2,34,22,1,1,0,0,1
105,0,23,4,0,0,0,0,0
23,0,17,1,0,0,0,0,0
39,1,66,1,0,0,4,0,1
29,0,37,4,0,0,6,1,1
37,0,7,1,1,0,1,0,0
9,0,9,3,0,0,0,0,0
0,0,10,0,0,0,0,0,0
174,7,2,1,0,0,3,0,1
149,2,15,1,0,0,1,0,1
0,0,18,0,0,0,0,0,0
1,0,243,32,5,0,0,2,1
35,0,8,4,1,0,0,0,0
104,4,6,0,0,0,0,0,1
12,0,28,16,4,0,0,1,1
260,0,2,0,0,1,1,0,1
10,0,17,0,0,0,0,0,0
436,2,304,32,19,1,17,4,1
33,0,5,2,0,0,1,0,1
31,0,5,0,0,0,0,0,1
0,0,55,4,0,0,1,0,1
21,0,10,0,0,0,0,0,0
1,0,21,1,0,0,0,0,0
4,1,45,6,0,0,1,0,1
36,0,16,0,0,0,0,0,0
54,0,37,1,2,0,1,0,1
26,0,18,0,0,0,0,0,0
7,0,16,0,0,0,0,0,0
77,0,36,1,3,11,2,0,1
23,1,3,0,0,0,1,0,1
47,0,13,2,0,0,1,0,0
35,1,36,0,0,0,0,1,0
27,0,3,2,0,0,3,0,1
1462,8,4,0,0,4,8,0,1
57,2,2,0,0,0,1,0,1
2,0,19,2,0,0,0,0,0
462,24,6,0,0,2,1,0,1
32,1,18,3,0,0,2,0,1
65,2,21,2,2,0,5,0,1
33,0,9,0,0,0,1,0,1
23,0,17,0,0,0,1,0,0
24,0,30,2,0,0,1,0,0
12,0,5,3,1,0,0,0,1
171,1,102,5,9,0,6,0,1
58,0,10,1,0,0,1,0,0
31,0,5,0,0,0,1,0,1
21,0,21,26,0,0,0,0,0
87,3,45,14,0,2,6,0,1
15,0,10,3,0,1,0,0,1
3,0,1,0,5,3,0,0,0
16,0,12,0,0,0,0,0,0
0,0,22,3,0,1,0,0,1
339,2,24,3,4,0,5,0,1
90,0,106,10,4,0,8,0,1
6,0,13,0,0,0,0,0,0
45,1,7,0,0,0,3,0,0
1,0,16,1,1,0,1,0,1
10,0,8,0,0,0,0,0,1
11,0,9,0,0,0,0,0,1
27,1,11,0,0,0,2,0,0
31,0,15,1,1,0,0,0,1
22,0,2,2,0,0,0,0,0
245,1,12,0,0,1,2,0,1
14,0,8,7,0,5,2,0,0
46,0,1,0,1,0,9,0,1
32,0,13,0,0,0,2,0,1
8,0,24,0,0,1,0,0,0
42,0,16,3,1,0,1,0,1
44,0,2,0,3,1,1,0,1
47,0,17,0,0,0,0,0,0
17,0,88,5,0,0,0,0,0
20,0,16,1,0,0,0,0,0
23,0,13,1,0,0,0,0,0
16,0,7,1,2,0,1,0,0
24,0,10,0,0,0,0,0,0
37,0,33,7,0,0,1,0,1
38,0,74,1,0,0,0,0,1
58,0,128,2,2,0,1,0,1
12,0,33,0,0,0,0,0,0
3,0,21,1,0,0,1,0,1
0,0,20,3,0,0,0,0,1
4,0,13,0,0,0,0,0,0
70,1,7,0,0,0,1,0,0
67,0,3,0,0,9,1,0,1
29,0,9,2,0,0,1,0,1
42,0,8,0,0,0,1,0,1
4,1,30,0,0,0,0,0,0
51,0,50,7,1,0,2,0,1
16,0,8,1,0,0,0,0,1
91,1,41,1,0,0,1,0,1
12,2,152,16,3,1,7,1,1
5,0,4,0,0,0,0,0,1
70,1,22,0,0,0,0,0,0
9,0,12,0,0,0,2,0,1
32,1,33,0,0,0,2,0,1
27,0,7,1,0,1,1,0,1
99,1,210,15,0,0,7,1,1
26,1,8,2,0,2,0,0,0
182,2,1,0,0,2,4,0,0
28,0,0,0,0,0,1,0,0
143,0,3,0,0,0,5,0,1
36,0,19,3,0,0,0,0,1
174,0,5,0,0,0,7,0,1
118,0,5,2,0,0,3,0,1
35,0,9,0,0,0,1,0,1
3,0,31,0,1,0,0,0,1
52,0,12,4,0,0,0,0,0
44,1,15,0,0,0,0,0,1
102,2,12,5,0,0,4,0,1
13,0,9,1,0,0,2,0,0
23,0,8,1,0,0,0,0,0
21,0,4,1,1,0,3,0,1
51,0,8,0,0,0,0,0,0
13,0,10,0,1,0,2,0,1
0,0,24,0,0,0,0,0,1
29,0,17,2,0,0,1,0,1
58,1,92,33,13,1,3,1,1
47,0,41,19,0,0,3,0,1
13,0,22,1,2,0,0,0,1
0,0,406,168,20,0,1,5,1
27,0,33,3,2,0,3,0,1
9,0,183,54,24,1,3,4,1
19,0,13,0,0,0,1,0,0
127,3,9,0,0,0,0,0,0
6,0,29,1,0,0,0,0,0
34,0,21,3,0,0,0,0,1
1,0,24,0,0,0,0,0,1
37,0,16,0,0,0,0,0,0
73,0,3,1,0,0,0,0,1
256,5,3405,29,1,3,5,0,1
5,2,25,0,0,2,26,0,1
64,0,13,2,0,0,0,0,0
17,0,0,11,0,0,0,0,0
84,0,30,0,5,1,0,1,0
39,0,4,1,0,0,3,0,0
42,1,50,3,0,0,0,0,1
12,0,14,0,0,0,0,0,0
53,0,17,6,0,0,0,0,1
64,1,26,1,0,0,0,0,0
24,0,18,1,1,0,0,0,0
60,1,10,0,0,0,2,0,1
19,0,10,4,1,0,1,0,0
12,0,10,1,0,0,0,0,0
57,3,50,7,0,1,8,1,1
32,0,8,0,0,0,1,0,1
63,1,9,1,0,0,0,0,1
28,0,15,2,0,0,0,0,0
94,1,31,3,1,0,2,0,1
36,0,12,0,1,0,0,0,0
19,0,17,0,0,0,0,0,0
2,0,33,5,1,0,0,0,1
188,0,18,0,0,1,0,0,0
7,0,19,2,4,0,0,0,0
12,0,4,3,0,0,0,0,1
52,0,24,2,1,0,1,0,1
13,0,10,1,0,0,0,0,0
58,0,13,2,0,0,2,0,1
39,0,57,3,1,0,1,0,1
19,0,12,2,0,0,0,0,0
63,0,31,1,0,0,0,0,0
95,2,10,1,0,0,0,0,0
14,1,54,1,0,0,4,0,1
15,0,0,0,0,0,2,0,1
2,0,10,0,1,0,0,0,0
0,0,57,10,2,0,1,1,1
24,0,15,0,0,0,0,0,1
1,0,10,0,0,0,1,0,0
74,3,61,7,12,0,14,0,1
10,0,17,0,1,0,0,0,0
159,0,16,3,0,0,3,0,1
48,0,94,12,1,0,5,1,1
26,0,12,0,0,0,0,0,0
41,0,4,0,0,0,2,0,1
203,8,35,4,0,0,3,0,1
22,0,14,1,0,0,1,0,0
6,0,26,13,9,0,1,0,1
26,1,21,2,0,0,1,0,1
94,0,21,1,0,0,0,0,0
35,0,15,0,0,0,0,1,0
120,0,6,1,0,1,1,0,0
2,0,2,0,0,1,4,0,1
19,0,28,2,1,0,0,0,0
25,0,4,3,0,0,0,0,1
239,1,11,0,0,1,1,0,0
30,1,14,0,0,0,0,0,0
110,0,17,1,0,1,1,0,1
33,0,15,0,0,0,0,0,0
16,0,9,1,0,0,0,0,1
18,0,9,0,0,0,2,0,1
23,0,6,2,0,0,1,0,0
5,0,7,0,0,0,0,0,0
11,0,9,0,0,0,0,0,1
25,0,9,0,1,0,0,0,0
74,1,29,3,0,0,0,0,1
105,0,9,3,0,0,4,0,1
48,0,46,6,0,0,0,0,0
51,0,20,0,0,0,0,0,0
13,0,7,1,0,0,2,0,1
33,0,12,0,0,0,0,0,0
18,0,24,7,0,0,1,0,1
62,0,6,4,0,0,0,0,1
44,2,11,0,0,0,0,0,0
4,0,16,1,0,0,0,0,0
16,0,2,0,0,0,0,0,1
13,0,11,2,0,0,2,2,1
16,0,4,0,0,0,0,0,0
14,0,3,29,0,0,0,0,1
225,5,188,58,19,0,23,4,1
27,0,14,0,0,0,0,0,0
20,0,2,0,0,0,1,0,1
0,0,9,1,1,0,0,0,0
5,0,13,0,0,0,0,0,0
79,0,2,1,0,1,0,0,1
20,0,55,5,3,0,1,0,1
4,0,12,0,2,0,0,0,0
8,0,6,3,0,14,2,0,1
2,0,42,1,1,0,0,0,0
43,3,26,1,0,1,1,0,1
17,0,19,0,0,0,0,0,0
48,0,7,0,0,0,0,0,1
27,0,15,0,0,0,0,0,0
30,0,6,4,0,0,0,0,0
72,0,9,0,0,0,0,0,1
165,4,10,0,0,0,0,0,0
48,1,108,6,0,0,11,0,1
164,0,18,5,1,0,0,1,1
279,0,19,0,0,0,1,0,0
38,0,15,1,0,0,0,0,0
3,0,71,0,0,0,0,0,0
2,0,10,0,0,0,1,0,1
96,0,9,0,0,0,0,0,0
15,0,15,2,5,1,3,1,1
145,2,38,3,0,0,5,0,1
7,0,7,0,0,0,1,0,1
88,0,12,1,0,0,0,0,0
296,22,9,2,1,1,7,0,1
243,6,93,2,0,2,7,0,1
48,1,11,0,0,0,1,0,1
170,2,5,0,0,0,0,0,1
75,0,4,1,0,0,2,0,0
60,0,11,2,1,0,1,0,1
3,0,9,1,0,0,0,0,0
13,0,22,0,0,0,0,0,0
20,0,47,6,0,0,0,0,1
18,0,15,2,0,0,0,0,0
4,0,7,1,0,0,0,1,1
7,0,14,0,0,0,0,0,0
21,0,8,0,0,0,0,0,0
47,1,17,2,0,0,2,0,0
559,0,4,0,0,0,5,0,1
157,1,49,4,1,2,4,0,1
142,1,92,0,0,0,0,0,0
103,0,49,4,0,3,10,0,1
8,0,20,1,0,0,0,0,0
100,3,14,0,0,0,1,0,0
69,0,7,3,0,0,3,0,1
1,0,428,93,12,0,2,1,1
91,0,14,1,1,0,0,0,1
279,11,31,3,0,0,21,0,1
5,0,9,0,0,0,0,0,0
20,0,23,0,0,0,0,0,0
233,0,19,4,0,0,2,0,1
65,0,63,1,1,0,1,0,1
38,0,92,8,2,0,3,0,1
29,0,36,20,0,0,2,2,1
47,0,10,1,0,0,0,0,0
63,0,16,4,0,0,0,0,1
22,0,5,0,0,0,0,0,1
59,7,10,0,0,0,1,0,0
33,0,10,1,0,0,0,0,0
51,0,2,0,0,0,1,0,1
163,2,5,0,0,0,0,0,1
50,2,151,9,0,0,3,0,1
10,0,11,1,0,0,0,0,0
45,0,18,0,0,0,0,0,0
168,0,46,3,0,1,1,0,1
28,1,19,1,1,0,3,0,1
7,0,13,0,0,0,0,0,0
18,0,11,0,0,0,0,0,0
83,0,5,1,1,0,2,0,1
21,0,22,0,0,0,0,0,1
18,0,15,0,0,0,0,0,0
2,0,15,0,1,0,0,0,0
31,0,7,1,0,0,1,0,1
9,0,26,1,0,1,0,0,0
52,0,13,0,1,0,3,0,1
30,5,6,0,0,0,2,0,1
22,2,13,2,0,0,0,0,0
30,1,13,0,0,0,0,0,1
13,0,28,0,1,0,0,0,0
37,0,9,1,0,0,0,0,0
38,0,24,2,0,0,0,0,1
25,0,11,0,0,0,0,0,0
48,2,5,1,0,0,1,0,1
47,0,2,11,0,0,6,0,1
103,3,37,3,2,0,1,0,0
13,1,34,9,0,0,3,0,1
127,1,4,2,0,1,2,0,1
84,0,60,0,0,0,1,0,0
11,0,3,7,0,0,0,0,0
16,0,4,1,0,0,0,0,1
133,0,8,0,0,0,5,0,1
100,0,15,0,0,0,0,0,0
75,0,36,0,0,0,1,0,0
37,0,61,11,2,0,0,0,0
0,0,184,47,13,0,6,2,1
2,0,7,2,0,0,0,0,1
21,0,12,2,0,0,0,0,0
63,1,8,0,1,0,0,0,0
4,0,30,1,0,0,0,0,1
67,0,10,0,0,0,0,0,0
51,0,11,0,0,0,0,0,0
108,0,165,8,0,1,2,0,1
15,0,44,1,2,0,3,0,0
51,2,29,1,0,0,0,0,1
21,1,22,0,0,0,0,0,0
15,0,91,0,0,0,0,0,0
37,0,35,0,0,0,1,0,0
67,2,18,3,0,0,0,0,0
145,4,16,0,0,0,1,0,1
705,71,24,0,0,0,2,0,0
67,0,16,2,0,0,1,0,0
129,2,7,0,0,1,1,0,1
29,1,9,0,0,0,1,0,0
31,0,24,1,0,0,1,0,1
12,0,117,2,0,0,1,0,0
231,0,5,1,0,0,7,0,1
40,0,46,7,2,0,0,0,1
26,0,33,1,0,0,1,0,1
20,0,19,1,0,0,1,0,0
8,1,9,0,0,0,0,0,0
156,1,35,0,1,0,6,0,1
407,7,13,0,0,1,6,0,1
150,0,21,4,4,0,1,3,1
15,0,4,1,0,0,0,0,1
41,0,2,0,1,0,2,0,1
208,0,400,30,8,2,14,1,1
12,0,9,2,0,0,0,0,0
70,0,2,1,2,0,9,0,1
81,0,65,3,0,0,1,0,0
3,0,37,7,0,0,2,1,0
127,0,109,14,4,0,4,0,1
27,1,14,2,0,0,0,0,1
57,5,44,0,2,1,10,0,1
54,5,20,0,2,0,1,0,0
13,0,0,0,0,1,0,0,1
35,0,7,6,0,0,0,0,1
7,0,15,0,0,0,0,0,0
21,1,6,0,0,0,2,0,0
45,0,54,2,0,0,1,0,1
13,0,109,18,2,0,6,0,1
3,0,22,0,2,0,0,0,0
0,0,20,2,0,0,1,0,0
48,0,16,0,0,0,1,0,1
1,0,12,0,0,0,1,0,1
2,0,17,0,0,0,0,0,0
8,0,18,2,0,0,0,0,0
136,3,19,1,0,0,0,0,0
126,2,29,2,0,0,0,0,1
157,1,20,0,3,0,0,0,1
52,0,6,10,0,0,1,0,0
2,0,369,29,3,1,5,1,1
34,1,6,1,0,0,0,0,1
50,0,18,1,1,0,2,0,1
1,0,16,3,0,0,0,0,1
9,0,11,0,0,0,0,0,1
11,0,16,0,0,0,0,0,0
55,2,34,0,1,0,0,1,0
64,1,66,24,2,0,1,1,1
487,6,28,0,1,0,0,0,0
2,0,11,0,0,0,0,0,0
4,0,8,0,0,0,0,0,1
8,0,10,2,0,0,0,0,0
44,0,31,2,0,0,2,1,0
35,0,10,68,1,1,0,0,0
15,1,12,3,0,0,0,1,1
406,2,73,5,1,0,7,0,1
51,0,15,0,0,0,0,0,0
19,0,32,3,0,0,1,0,1
39,0,20,3,2,0,3,0,1
37,1,13,1,0,0,0,0,0
55,0,11,0,0,0,1,0,0
3,0,34,0,1,0,0,1,1
74,0,6,1,0,0,0,0,0
13,0,10,1,0,0,0,0,0
118,0,59,12,0,3,3,0,1
1,0,24,0,0,0,0,0,0
37,0,10,0,0,0,0,0,0
16,0,18,3,0,0,0,0,1
0,0,157,17,3,0,0,1,1
7,0,6,4,6,0,0,0,0
30,0,8,0,0,1,0,0,0
13,0,10,0,0,0,1,0,1
46,0,40,0,0,0,0,0,0
406,0,4,9,0,2,0,1,1
267,0,25,1,0,1,0,0,0
40,1,30,2,0,0,0,0,1
0,0,13,2,0,0,0,0,0
25,0,13,1,8,0,1,0,1
124,2,43,1,0,0,1,0,1
136,0,20,3,0,0,0,0,0
1,0,158,13,4,0,34,1,1
1080,8,8,2,0,0,1,0,0
101,1,18,0,0,0,0,0,0
83,0,11,1,0,0,0,0,0
71,0,33,2,0,0,3,0,0
10,0,23,7,0,0,0,1,0
24,0,12,0,0,0,0,0,0
3,0,15,1,1,0,0,0,0
254,2,14,0,0,0,0,0,0
21,0,235,26,7,0,4,4,1
165,1,47,0,0,0,1,0,0
66,2,1,0,0,0,0,0,1
198,0,7,0,0,0,0,0,1
10,0,8,0,0,0,0,0,0
131,0,9,2,0,0,3,0,1
182,0,18,2,0,0,0,0,0
51,0,13,4,0,0,0,0,0
104,1,3,0,0,1,2,0,1
0,0,14,0,0,0,0,0,1
0,0,32,2,0,0,0,0,0
16,1,17,1,0,0,0,0,0
38,0,30,0,0,0,4,0,1
107,1,4,2,0,0,2,0,1
123,0,43,3,0,1,3,0,1
58,0,24,8,0,0,2,0,1
6,0,8,0,0,0,0,0,1
27,0,9,1,0,0,0,0,0
5,0,14,0,0,1,1,0,0
324,0,27,0,0,0,0,0,1
19,0,5,0,0,0,0,0,0
18,0,16,1,1,0,1,1,0
13,0,11,3,0,0,0,0,0
167,0,84,0,0,1,1,0,1
0,0,14,0,0,0,0,0,0
131,1,15,1,0,0,5,0,1
3,0,19,2,0,1,0,0,0
24,0,0,1,0,12,0,0,0
64,0,30,0,0,0,2,0,0
123,1,23,1,0,0,1,0,1
84,1,7,0,0,0,0,0,0
102,0,4,2,0,0,1,0,0
5,0,2,0,0,2,3,0,1
0,0,9,3,0,0,0,0,0
39,0,4,0,0,0,0,0,1
13,0,11,2,0,0,0,0,0
22,0,6,0,0,1,1,0,1
17,0,5,1,0,0,0,0,0
59,0,89,0,0,0,0,0,0
19,0,22,0,0,0,1,0,1
22,0,7,3,0,0,0,0,0
21,0,12,1,0,0,0,0,1
23,0,71,13,0,1,3,0,1
55,0,23,1,0,0,0,0,0
88,0,38,4,2,0,0,1,1
21,0,7,1,0,0,4,0,1
23,0,14,3,0,0,0,0,0
77,0,8,0,0,0,0,0,1
69,0,7,1,0,1,0,0,1
70,0,10,0,0,0,0,0,0
173,3,250,9,0,0,2,2,1
4,0,11,0,0,0,0,0,0
0,0,11,0,0,0,0,0,0
1,0,34,0,0,0,0,0,0
20,0,25,0,0,0,0,0,0
24,0,5,0,0,0,0,0,1
0,0,24,0,0,0,0,0,1
21,0,15,1,0,0,0,0,0
4,0,27,0,0,0,0,0,0
23,0,7,0,0,0,0,0,1
13,0,34,0,0,0,0,0,0
31,0,29,2,0,1,1,0,0
0,0,3,1,1,0,0,0,1
14,1,58,1,0,0,2,0,1
18,0,10,4,1,0,4,1,1
15,0,16,0,0,0,0,0,0
298,7,0,0,0,1,10,0,1
67,0,15,1,0,0,0,0,1
107,1,96,16,6,0,6,0,1
136,1,181,1,3,0,1,1,0
15,0,8,0,0,0,0,0,0
39,0,46,1,1,0,0,0,0
1,0,16,0,0,0,0,0,0
28,0,9,2,0,0,0,1,1
10,0,27,0,0,0,0,0,0
29,0,10,0,0,0,0,0,0
26,0,23,0,0,0,0,0,0
35,0,7,0,0,0,0,0,1
36,1,55,1,0,0,0,1,0
18,0,1,0,0,0,2,0,1
22,0,10,2,0,0,1,0,1
1,0,20,0,0,0,0,0,0
12,0,4,0,0,7,1,0,0
16,0,18,0,0,0,0,0,0
83,0,1,0,8,0,1,0,0
97,1,10,0,0,0,0,0,0
9,0,20,0,0,0,0,0,0
81,0,21,0,0,0,2,0,1
235,3,76,3,2,3,6,0,1
21,0,13,0,2,0,0,0,0
17,0,5,0,1,0,1,0,1
156,3,9,0,0,3,1,0,1
4,0,34,0,1,0,0,0,0
36,0,250,21,7,0,10,3,1
25,0,31,0,0,0,1,0,0
60,0,14,0,1,0,0,0,1
0,0,0,0,0,0,2,0,0
16,0,0,0,0,0,2,0,0
27,2,0,0,0,0,2,0,0
12,0,0,0,0,0,2,0,0
25,0,6,6,0,0,0,0,0
86,0,42,0,0,0,0,0,1
0,0,26,0,0,0,0,0,0
96,2,6,0,0,0,1,0,1
26,0,7,2,0,0,0,0,1
28,0,1,2,0,2,1,0,1
0,0,23,1,1,0,0,0,0
24,0,125,1,6,0,1,0,0
33,0,12,0,0,0,0,0,0
11,0,8,0,1,0,0,0,0
6,0,3,10,0,0,0,0,0
10,0,15,0,0,0,0,0,0
14,0,9,0,0,0,0,0,1
63,2,10,10,0,1,1,0,1
0,0,231,2,9,0,3,3,1
5,0,1,6,0,1,0,0,0
28,0,10,1,0,0,1,0,1
86,2,3,1,0,0,6,0,1
22,0,493,20,5,0,4,1,1
245,5,54,2,1,0,2,0,1
95,0,60,4,0,1,8,0,1
29,0,12,3,0,0,5,0,0
3,0,22,0,0,0,0,0,0
170,1,19,3,0,0,0,1,1
14,0,19,3,1,0,1,0,1
30,0,12,1,0,0,1,0,1
70,4,9,0,0,0,0,0,0
64,3,45,0,1,0,4,0,1
8,0,18,1,2,0,1,0,0
32,0,14,0,0,0,0,0,1
16,0,8,0,0,0,0,0,0
1,0,409,11,5,0,7,4,1
21,0,14,1,0,0,0,0,1
9,0,21,0,0,0,0,0,0
22,0,7,1,0,0,0,0,1
49,1,83,7,1,2,0,4,1
15,0,11,0,1,0,0,0,0
119,3,10,5,0,0,6,1,0
2,1,3,1,0,0,1,0,1
31,0,661,58,2,1,1,3,1
120,1,72,9,6,1,8,2,1
237,0,24,2,0,0,4,1,1
27,0,11,1,1,0,2,0,1
9,0,12,2,0,0,0,0,0
170,0,19,0,0,2,10,0,1
44,0,16,0,0,0,1,0,1
7,0,17,0,0,0,1,0,1
17,0,12,0,0,0,1,0,0
152,2,24,0,0,3,7,0,1
211,5,16,26,0,1,13,0,1
26,0,10,0,0,1,0,0,1
5,0,8,1,0,0,0,0,0
12,0,28,0,0,0,0,0,0
12,0,39,0,0,0,0,0,0
1,0,20,1,0,0,0,0,1
26,1,36,2,0,0,2,0,1
139,4,18,4,1,0,3,0,1
38,0,73,0,0,0,0,0,0
5,0,8,1,0,0,0,0,1
54,0,13,1,0,1,0,0,1
26,0,6,0,0,0,1,0,1
17,0,21,1,0,0,0,0,1
24,0,39,1,2,0,0,1,0
30,0,10,1,0,0,0,0,0
79,0,21,0,0,0,0,0,1
43,0,100,0,0,0,0,0,1
21,0,9,0,0,0,0,0,0
43,0,208,8,1,0,1,1,1
10,1,6,0,0,0,0,0,1
49,0,8,3,3,0,10,0,1
17,1,11,0,1,0,1,0,1
92,1,40,2,2,0,0,0,1
18,2,22,0,0,0,0,0,0
19,0,14,0,0,0,0,0,1
794,0,13,0,0,2,0,0,0
21,0,9,0,0,0,0,0,0
71,0,17,0,0,0,0,0,0
67,0,17,0,0,0,0,0,1
9,0,4,3,2,3,22,0,1
8,0,9,0,0,0,1,0,1
1,0,27,0,1,0,0,0,0
7,0,8,0,0,0,0,0,0
39,0,6,0,0,0,3,0,1
283,1,38,5,1,0,2,0,1
88,2,19,0,0,1,0,0,1
204,0,26,4,1,1,3,0,1
14,0,8,1,0,0,1,0,0
146,4,51,2,0,0,2,0,1
21,1,17,0,0,0,0,0,0
40,0,44,2,0,1,2,0,1
0,0,12,0,0,0,0,0,0
4,1,14,3,0,0,0,0,0
54,2,26,0,0,0,1,1,1
8,0,192,0,0,0,0,0,1
74,0,13,0,0,0,1,0,1
3,0,14,2,0,0,0,0,0
32,0,8,0,0,0,0,0,0
13,0,9,1,0,0,0,0,0
17,1,30,0,0,0,0,0,0
31,1,30,0,1,0,0,0,1
75,3,9,0,1,0,1,0,1
32,0,13,0,0,0,0,0,0
13,0,14,1,1,11,1,0,0
6,0,23,1,1,0,1,0,0
32,0,11,0,0,0,0,0,0
18,0,11,0,0,0,0,0,0
5,0,24,1,0,0,0,0,0
21,0,11,0,0,0,0,0,0
560,5,441,8,51,0,31,2,1
15,0,10,6,0,0,0,2,1
21,0,16,0,0,0,0,0,0
158,1,1,0,0,0,0,0,1
18,0,9,0,0,0,0,0,1
2,0,41,0,0,0,0,0,0
8,0,12,0,0,0,0,0,0
1,0,21,1,0,0,0,0,1
45,1,11,0,0,0,0,0,1
121,1,26,0,0,0,3,0,1
30,0,13,0,0,0,0,0,1
40,0,11,0,1,0,3,0,1
16,0,8,0,0,0,0,0,0
6,0,10,2,1,0,0,1,1
16,0,26,0,0,0,0,0,0
12,0,31,0,0,0,5,1,1
1,0,2,0,0,0,0,0,1
50,0,2,0,0,10,0,0,0
93,0,9,0,0,0,0,0,0
81,3,7,0,0,0,1,0,0
33,0,16,1,0,0,0,0,0
19,0,1,0,0,1,5,0,1
74,1,41,0,0,0,4,0,1
622,1,3,0,0,0,2,0,1
83,0,12,0,0,0,1,0,0
22,0,2,0,0,0,2,0,1
3,0,168,2,0,0,3,0,1
7,0,33,0,1,0,1,0,0
1,0,10,0,0,0,0,0,0
2,0,10,0,0,0,0,0,0
4,0,135,3,0,0,3,0,1
5,0,32,0,0,0,1,0,0
3,0,9,1,0,0,0,0,0
4,0,8,0,0,0,0,0,0
21,0,20,1,0,0,0,0,0
0,0,20,0,0,0,0,0,0
28,0,8,0,0,0,1,0,0
42,0,5,0,0,0,0,0,0
59,0,17,8,0,0,0,0,0
4,0,7,2,0,0,1,0,1
39,0,14,1,0,0,0,0,0
67,0,12,1,0,1,0,0,0
1,0,97,1,0,0,1,1,1
37,0,10,1,0,0,0,0,0
28,0,10,0,0,0,0,0,1
64,0,8,0,0,0,3,0,1
6,0,58,1,0,0,0,0,1
41,0,24,0,0,0,0,0,0
7,0,15,0,0,0,1,0,1
12,0,23,0,0,0,0,0,0
26,0,9,0,0,0,0,0,0
129,0,5,1,0,0,2,0,1
31,0,8,0,0,0,4,0,1
14,0,13,0,0,1,0,0,1
57,0,30,6,0,0,0,0,0
57,0,4,0,0,0,0,0,1
7,0,19,0,0,0,0,0,0
24,0,13,0,0,0,0,0,0
47,0,32,1,0,0,1,0,0
81,0,29,2,0,1,2,0,1
7,0,0,0,0,0,0,0,1
10,0,22,7,0,0,0,0,0
17,0,8,0,0,0,0,0,0
1046,5,23,1,0,0,1,0,0
63,0,16,0,0,0,7,0,1
16,0,9,0,0,0,0,0,0
19,1,8,0,0,0,1,0,1
12,0,24,0,0,0,0,0,0
7,0,38,0,0,0,0,0,0
202,4,14,3,0,0,0,0,1
8,0,1,0,0,0,2,0,1
45,1,11,0,1,0,2,0,0
9,0,10,0,0,0,0,0,1
32,0,22,6,0,0,1,1,1
24,0,9,1,0,0,0,0,0
92,0,22,0,0,0,0,0,1
77,0,9,0,0,0,0,0,1
42,0,8,0,0,0,6,0,1
5,0,15,4,0,0,0,0,0
2,0,26,9,0,0,0,0,1
3,1,7,2,1,2,1,0,1
0,0,16,0,0,0,1,0,0
9,0,14,1,0,0,0,0,0
14,0,5,1,0,0,1,0,0
89,0,14,0,0,1,0,0,0
56,1,106,10,0,0,5,0,1
17,0,6,0,0,0,0,0,1
5,0,18,0,2,0,0,0,0
38,0,17,0,0,0,2,0,1
29,0,9,0,0,0,0,0,0
126,0,8,0,0,0,0,0,1
104,1,34,1,0,0,3,0,0
1,0,18,1,0,0,0,0,0
6,0,127,13,4,0,2,5,0
0,0,63,0,0,0,1,0,1
4,3,40,0,0,0,3,0,0
9,0,6,0,0,0,0,0,1
21,0,39,0,0,0,0,0,0
36,0,68,0,0,0,0,0,0
13,0,10,0,0,0,1,0,1
67,0,4,0,0,0,2,0,1
596,10,91,0,1,0,1,0,1
8,0,13,0,0,0,0,0,0
64,0,17,0,0,0,0,0,0
28,0,8,1,3,0,0,0,1
182,6,12,1,0,0,0,0,1
19,0,7,45,0,0,0,0,1
6,0,17,1,0,0,1,0,0
67,0,24,2,0,0,1,1,1
20,0,1,0,0,0,0,0,1
12,0,13,0,0,0,0,0,0
13,0,1,2,0,0,3,0,1
31,0,121,7,1,0,2,0,1
19,0,402,0,0,0,1,0,1
16,0,14,0,0,0,0,0,1
169,3,54,4,7,2,6,0,1
13,0,10,0,0,0,0,0,0
15,1,8,0,2,0,0,0,1
64,0,2,1,0,0,2,0,1
15,1,12,0,0,0,0,0,0
29,0,21,0,0,0,2,0,1
22,0,7,0,0,0,0,0,0
3,0,2,0,0,0,1,0,1
11,0,67,3,0,0,0,0,1
28,0,63,7,1,0,2,0,1
10,0,10,0,0,1,0,0,0
61,0,11,0,0,0,2,0,1
175,2,8,1,0,0,0,0,0
37,0,8,0,0,0,0,0,0
40,1,188,2,9,0,13,3,1
20,0,36,3,0,0,0,0,0
20,0,11,3,0,0,0,0,1
39,0,6,0,0,0,0,0,1
38,0,40,1,0,0,3,0,1
0,0,17,0,0,0,0,0,0
9,1,48,7,0,0,0,0,0
15,0,5,1,0,0,2,0,1
349,7,77,2,0,0,2,0,1
58,0,10,0,2,0,0,0,0
4,0,17,0,0,0,0,0,0
9,0,5,1,0,0,1,0,1
4,0,9,2,0,0,0,0,0
24,0,17,0,0,0,0,0,0
105,0,249,37,6,1,22,1,1
18,0,634,37,6,0,2,1,1
21,0,19,0,0,0,0,0,0
33,1,11,0,0,0,0,0,1
84,0,11,0,1,0,1,0,1
31,0,24,9,0,0,1,1,1
11,0,7,0,0,0,0,0,1
34,1,0,0,0,0,0,0,0
3,0,6,2,0,0,1,0,1
17,0,58,1,0,0,0,0,0
52,0,19,5,0,0,0,0,0
34,3,6,1,0,0,0,0,0
58,0,11,3,9,0,8,0,1
16,0,71,0,0,0,0,0,0
80,0,10,0,0,1,0,0,0
182,1,12,0,0,0,0,0,0
2,0,31,1,0,0,1,0,1
1,2,94,6,0,1,2,0,1
3,0,11,1,0,0,0,0,0
61,0,12,0,0,0,0,0,0
27,0,12,5,0,0,1,2,1
102,0,2,1,0,0,4,0,1
83,0,7,6,1,0,2,0,1
12,0,47,7,4,1,0,0,1
47,0,59,2,0,0,4,0,1
9,0,19,0,0,0,0,0,0
185,0,15,1,7,0,2,1,0
12,0,9,0,0,0,0,0,0
49,0,10,0,0,0,0,0,0
90,0,353,7,7,0,7,1,1
168,4,10,0,0,0,0,0,0
18,0,45,6,1,0,4,5,1
29,0,16,7,0,0,1,1,1
9,0,11,0,0,0,0,0,0
436,6,109,2,0,0,9,1,1
1,0,47,18,0,0,2,0,1
5,0,18,0,0,1,2,1,1
39,0,395,14,1,0,0,0,1
3,0,7,2,0,0,0,0,1
9,1,68,15,0,0,4,0,1
3,1,11,2,0,0,0,0,0
41,0,33,0,0,0,2,0,0
6,0,16,1,0,0,0,0,0
22,0,24,0,0,0,0,0,0
103,0,15,1,0,0,0,0,1
4,0,7,1,1,0,0,0,0
12,0,16,0,0,0,0,0,0
9,0,18,0,0,0,0,0,0
16,0,26,7,1,0,0,0,1
75,0,6,1,0,0,0,0,0
34,0,7,1,0,0,0,0,1
19,0,93,21,0,0,4,0,1
22,0,3,0,0,0,0,0,1
54,1,24,5,1,0,0,0,1
63,1,24,0,0,0,0,0,0
14,0,4,2,0,0,1,0,1
23,1,74,1,3,1,3,2,1
47,5,55,1,0,0,2,0,1
256,5,24,0,0,0,0,0,0
10,0,6,0,0,0,0,0,1
26,0,4,0,0,0,0,0,1
25,0,15,0,0,0,0,0,1
30,0,5,4,0,2,0,0,0
8,0,9,4,0,0,0,0,0
22,0,9,1,0,1,0,0,0
26,0,8,0,0,0,0,0,0
238,0,37,0,0,0,0,0,1
16,0,17,0,0,0,0,0,0
13,0,26,4,1,0,0,0,1
54,0,10,0,0,0,1,0,0
17,0,9,0,0,0,1,0,0
12,0,1,1,0,0,0,0,1
254,0,11,0,0,0,0,0,1
150,1,55,4,1,0,2,0,1
26,0,7,0,0,0,0,0,0
6,0,10,0,0,0,0,0,0
37,0,15,2,1,0,0,1,0
15,0,22,1,3,0,1,0,1
250,0,3,1,0,2,1,1,0
3,0,38,0,0,0,0,0,0
7,0,11,0,0,0,0,0,0
0,0,9,1,0,0,0,0,0
40,0,12,0,0,0,0,0,0
105,1,14,0,0,1,0,0,1
14,0,19,1,0,0,0,0,0
8,0,21,1,0,0,0,0,1
33,0,11,1,3,0,0,0,0
19,0,38,15,0,0,2,0,1
16,0,10,2,0,0,0,0,0
97,0,76,18,4,1,9,0,1
58,0,16,0,0,0,1,0,1
216,2,11,1,0,0,1,1,1
0,0,12,0,0,0,0,0,0
276,0,8,1,0,0,0,0,1
3,0,6,2,2,0,0,0,0
9,0,13,0,0,0,0,0,0
80,0,9,3,0,0,0,0,1
4,0,13,2,0,0,0,0,0
0,0,10,3,0,2,1,0,0
0,0,35,1,0,0,0,0,1
3,0,33,1,0,0,0,0,0
15,0,13,3,0,0,0,0,0
9,0,13,0,0,0,0,0,0
7,0,28,9,0,0,1,0,0
557,14,1,3,0,4,1,0,0
7,0,5,1,0,0,0,0,1
1,0,10,6,1,0,0,0,0
10,0,4,1,0,0,1,0,0
4,1,6,6,0,0,0,0,0
102,2,30,23,0,0,0,0,1
12,0,23,3,0,0,0,0,0
10,0,7,0,0,0,0,0,0
10,1,19,0,0,0,0,0,0
12,0,21,1,0,0,0,0,0
4,0,7,1,0,0,0,0,0
23,3,12,0,0,0,1,0,1
23,0,3,3,0,0,1,0,1
40,0,15,2,1,0,5,0,1
0,0,12,1,0,0,0,0,0
71,1,69,2,0,0,1,0,1
119,1,8,1,0,0,0,0,0
105,0,29,5,2,0,0,0,1
3,0,59,0,0,1,0,0,0
4,0,42,4,1,0,1,0,0
11,0,222,57,1,0,0,0,1
3,1,10,1,0,0,0,0,0
14,0,2,0,0,0,0,0,1
215,2,1,0,0,5,0,0,1
12,0,8,2,0,0,0,0,0
0,0,6,2,0,0,1,0,1
12,0,8,0,0,0,0,0,1
1,0,16,7,0,0,0,0,0
84,0,12,0,0,0,1,0,1
8,0,9,3,0,0,0,0,0
9,0,364,15,3,0,1,0,1
23,0,66,6,2,0,0,0,1
17,0,54,1,0,0,0,0,1
431,23,12,0,0,1,2,0,0
95,0,189,358,7,2,9,3,1
11,1,21,2,0,0,0,0,0
15,0,26,11,0,0,0,0,0
68,0,23,5,0,0,5,0,1
2,0,4,17,0,0,0,0,0
1,0,10,2,0,0,0,0,0
3,0,437,20,1,0,1,0,1
9,0,10,0,0,0,5,0,1
38,0,7,0,0,0,1,0,1
11,0,5,0,0,0,0,0,0
114,1,61,34,1,0,7,0,1
4,0,38,3,0,0,0,0,0
3,0,17,3,0,0,1,0,0
30,2,12,1,0,0,0,0,1
30,0,9,1,0,0,0,0,1
33,0,21,1,0,0,0,0,0
10,0,5,0,0,0,0,0,1
36,0,50,6,1,0,0,0,0
122,1,23,2,0,0,1,0,1
1,0,1480,236,13,0,2,0,1
0,0,6,2,0,0,0,0,0
197,0,106,49,5,0,9,0,1
16,0,9,0,0,0,1,0,0
2,0,7,0,0,0,0,0,0
1,0,20,0,0,0,0,0,0
19,0,8,0,1,0,0,0,0
32,0,10,0,0,0,0,0,0
3,0,31,0,0,0,0,0,0
21,0,9,0,0,0,0,0,0
175,0,20,5,0,0,2,0,1
0,0,12,0,1,0,0,0,1
33,0,52,2,4,0,0,0,1
3,0,8,0,0,0,0,0,0
29,0,30,0,0,0,0,0,1
1,0,10,0,0,0,1,0,0
14,0,6,3,0,0,0,0,1
59,0,30,1,0,0,0,0,1
2,0,36,1,0,0,0,0,0
29,3,7,0,0,0,0,0,1
27,0,12,0,0,0,0,0,0
0,0,10,0,0,1,0,0,0
67,0,111,5,0,0,8,0,1
5,0,0,93,0,0,0,0,0
27,0,11,1,0,0,1,1,0
31,0,5,2,0,0,1,0,1
8,0,8,0,0,0,0,0,1
26,0,40,28,2,0,5,0,1
47,0,12,0,0,0,0,0,0
19,0,32,2,0,0,1,0,1
35,2,8,1,0,0,0,0,0
2,0,13,0,0,0,0,0,0
3,0,6,7,0,0,0,0,0
18,0,9,1,0,0,0,0,1
37,0,4,8,0,0,0,0,0
21,0,15,25,0,0,1,0,0
6,0,11,0,0,0,0,0,0
36,0,9,0,0,0,0,0,0
12,0,9,0,0,0,0,0,0
6,0,10,0,0,0,0,0,1
28,0,29,8,0,0,0,0,1
8,0,0,24,0,0,0,0,0
96,0,16,3,0,0,1,0,1
2,0,115,6,2,0,1,0,1
24,0,5,3,0,0,0,0,1
24,0,34,3,0,0,0,0,1
22,0,18,1,0,0,0,0,0
10,0,81,25,0,0,1,0,1
19,0,7,1,0,0,1,0,1
11,0,9,5,0,0,0,0,0
94,1,20,13,0,0,1,0,1
1,0,10,0,3,0,4,0,1
63,1,3,0,0,0,0,0,1
13,0,2,0,0,0,2,0,1
165,0,37,1,1,0,2,0,1
1,1,65,3,2,0,2,0,1
40,0,132,26,0,0,0,0,1
10,0,667,19,0,0,0,0,1
47,2,17,0,0,0,1,0,1
170,0,1,1,0,0,3,0,1
1,0,11,3,0,0,0,0,0
25,0,10,0,0,0,0,0,1
6,0,20,0,0,0,0,0,0
2,0,1,2,0,0,1,0,1
91,6,16,0,7,0,0,0,0
66,3,27,2,0,0,0,0,0
42,3,50,0,0,0,0,0,0
10,0,13,1,0,0,0,0,0
19,0,15,1,0,0,0,0,0
23,0,7,0,0,0,0,0,0
15,0,13,1,0,0,0,0,0
1,0,33,1,2,3,4,0,0
45,0,106,3,0,0,1,0,1
14,0,1,0,11,0,0,0,0
22,0,46,0,0,0,0,0,1
2,0,31,2,0,0,0,0,0
46,0,18,2,0,0,1,0,1
8,0,18,3,3,0,5,0,1
50,0,88,24,2,0,2,0,1
11,0,63,8,0,0,1,1,1
47,0,6,0,0,0,1,0,1
68,2,34,1,0,0,3,0,1
3,0,11,0,0,0,1,0,1
22,1,14,2,0,0,0,0,1
15,0,12,0,0,0,0,0,0
0,0,184,24,0,1,1,0,1
2,0,16,20,0,0,0,0,0
1,0,28,0,0,0,0,0,1
10,1,8,0,1,0,0,0,0
9,0,7,1,0,0,0,0,0
2,0,12,1,2,0,0,0,1
11,0,27,7,0,0,0,0,0
11,0,11,0,0,0,0,0,0
33,0,15,10,1,0,0,0,0
11,0,25,48,1,0,0,0,0
2,0,25,15,1,0,0,0,1
10,0,24,0,0,0,0,0,0
96,4,155,0,0,0,2,0,1
36,0,15,1,0,0,0,0,1
49,0,9,2,0,1,2,0,0
17,0,24,23,0,0,0,0,0
15,0,15,2,0,0,0,0,0
10,0,7,3,0,0,0,0,0
23,0,95,1,0,0,0,0,0
10,0,21,0,0,0,0,0,0
8,0,44,10,0,0,0,0,1
16,0,17,0,0,0,0,0,1
221,2,22,1,0,0,0,0,1
154,0,34,5,0,0,0,0,0
62,0,40,1,1,0,2,2,0
12,0,14,1,0,0,0,0,0
6,0,9,6,0,0,0,0,0
153,0,12,0,0,0,0,0,1
48,0,4,1,0,0,1,0,1
5,0,29,1,0,0,0,0,1
0,0,12,1,0,2,1,0,1
24,0,7,0,0,0,0,0,0
13,0,86,23,0,0,1,0,0
3,0,63,14,1,0,1,2,1
83,1,29,7,0,0,3,0,1
29,0,186,6,0,0,1,0,0
13,0,20,0,0,0,0,0,0
7,0,18,0,0,0,0,0,1
23,0,46,1,0,0,0,0,0
19,0,158,24,0,0,2,0,1
0,0,327,66,1,0,0,0,1
227,6,109,2,4,0,3,0,0
0,0,18,0,0,0,0,1,0
39,0,68,0,0,0,0,0,0
37,0,11,0,0,0,4,0,1
4,2,23,0,0,0,0,0,1
21,0,674,85,5,0,2,0,1
17,0,9,1,0,0,0,0,0
73,1,11,1,0,0,0,0,0
20,0,23,4,0,0,0,0,0
0,0,4,22,0,0,0,0,0
40,0,8,0,0,0,1,0,0
52,0,32,2,0,1,0,0,0
7,0,25,2,0,0,1,0,0
7,1,23,3,0,0,0,0,0
0,1,46,1,3,0,5,0,0
0,0,11,0,0,0,0,0,1
0,0,10,37,0,0,0,0,0
42,0,8,0,0,0,0,0,0
0,0,183,6,0,0,3,0,1
26,0,10,0,0,0,0,0,0
11,0,10,0,0,0,0,0,0
2,0,24,0,0,0,0,0,0
0,0,562,33,19,0,4,0,1
26,0,9,0,0,0,2,0,1
38,0,55,1,0,0,0,0,0
7,0,0,0,0,0,0,0,0
1,0,0,0,0,0,0,0,0
11,0,15,1,0,0,0,0,0
23,0,9,0,0,0,0,0,1
1,0,8,5,0,0,1,0,1
21,0,506,76,4,0,8,0,1
15,0,2,1,0,0,1,0,1
31,0,6,1,0,0,0,0,1
13,0,16,2,0,0,2,0,1
3,0,2,8,0,0,0,0,0
8,0,9,1,0,0,0,0,1
15,0,78,11,1,0,1,0,1
42,0,9,3,1,0,0,0,1
9,0,128,0,0,0,1,0,1
51,0,86,6,1,0,4,0,1
8,0,45,1,0,0,0,0,1
68,0,11,1,1,0,4,0,1
10,0,6,1,0,0,0,0,0
0,0,14,4,0,0,0,0,0
0,0,27,0,0,0,0,0,0
1,0,191,19,0,0,1,0,1
63,0,30,2,0,0,1,0,1
4,0,17,3,0,0,0,0,0
4,0,7,1,0,0,0,0,0
94,0,32,0,1,0,0,0,0
14,0,9,0,0,0,0,0,0
75,0,9,0,0,0,0,0,0
34,1,34,2,1,0,0,0,0
22,0,30,0,0,0,1,0,1
18,0,30,0,0,0,0,0,0
20,0,44,1,0,0,1,0,0
5,0,21,26,0,0,0,0,0
12,0,12,16,0,0,5,0,1
10,0,7,2,1,0,0,0,0
809,0,4,0,0,3,6,0,1
0,0,1,0,0,0,2,0,1
6,1,13,1,0,1,0,0,1
6,4,6,1,0,1,3,0,0
45,0,15,2,0,2,1,2,1
11,0,1,0,0,4,3,0,1
166,0,0,0,0,55,0,0,0
12,0,44,5,0,0,0,0,0
97,2,6,6,0,0,2,0,1
12,0,16,4,0,0,1,0,1
23,0,12,0,0,0,0,0,0
534,7,7,2,0,3,4,0,1
96,0,69,3,0,0,1,0,1
22,0,21,6,0,0,2,0,1
20,0,10,3,0,0,0,0,0
6,0,5,2,0,0,3,0,0
26,1,7,2,0,0,0,0,1
19,0,43,2,0,0,0,0,1
15,0,16,0,0,0,0,0,1
2,0,28,2,0,0,0,0,0
33,0,10,1,0,0,1,0,1
863,2,0,0,0,4,1,0,1
8,0,48,0,0,0,0,0,0
101,0,99,10,6,1,6,0,1
0,0,42,2,0,0,0,0,0
10,0,7,1,0,0,1,0,1
43,0,49,3,0,0,3,0,0
27,0,124,4,0,0,2,0,0
569,8,10,0,0,0,0,0,0
300,4,11,0,0,0,1,0,0
176,2,5,1,0,0,2,0,1
607,11,17,0,0,2,3,0,0
118,2,4,0,1,2,0,0,1
276,2,24,0,0,3,1,0,1
89,0,10,2,1,1,3,0,1
23,0,20,0,0,2,0,0,0
30,0,7,0,0,0,0,0,0
4,0,0,0,0,20,0,0,0
88,1,6,0,0,0,3,0,1
30,0,25,0,0,0,0,0,0
92,5,6,0,0,0,0,0,0
28,0,10,0,0,0,0,0,0
25,0,10,4,0,0,0,0,0
10,0,9,1,0,0,0,0,1
3,0,11,1,0,0,0,0,1
2,0,43,0,0,0,0,0,1
100,1,44,0,0,0,2,0,1
21,0,11,3,0,0,0,0,1
27,0,0,0,0,54,0,0,0
54,1,0,0,0,15,0,0,0
767,3,1,0,0,1,0,0,1
352,8,51,0,1,1,0,0,0
1,0,16,1,0,0,0,0,0
0,0,27,1,0,0,0,1,0
15,1,77,4,0,0,0,0,1
25,0,22,15,1,0,0,0,0
20,0,11,3,0,0,0,0,0
15,0,21,0,0,0,0,0,0
2,0,15,0,1,0,1,0,0
23,0,24,12,0,0,1,0,1
4,0,89,2,3,0,0,2,0
190,0,4,1,0,0,1,0,1
20,2,8,2,0,0,3,3,0
42,0,15,0,0,0,0,0,0
51,0,12,0,0,0,0,0,0
4,0,10,0,0,0,0,0,1
16,1,13,2,0,0,1,0,0
5,0,115,3,4,0,3,1,0
1,1,94,2,1,0,1,0,0
22,0,15,1,0,0,0,0,0
38,0,11,2,0,0,0,0,0
49,0,10,0,0,0,0,0,0
0,0,30,0,0,0,0,0,1
5,0,6,148,0,0,0,0,0
15,0,4,0,0,6,0,0,0
24,0,34,1,0,1,1,0,1
2,0,35,0,0,0,1,0,0
55,0,108,3,0,0,0,0,0
6,0,8,20,0,0,0,1,0
6,0,49,7,0,0,0,0,1
26,0,48,1,0,0,0,0,1
37,0,86,4,0,1,2,0,1
41,0,32,3,0,0,0,0,1
5,1,15,1,0,0,0,0,0
4,0,4,0,0,0,1,0,1
4,0,14,0,2,0,2,0,1
31,1,17,1,0,0,0,0,1
68,1,69,6,3,0,1,0,1
11,0,15,0,0,0,1,0,1
26,0,12,4,0,0,2,0,0
8,0,9,0,0,0,0,0,0
21,0,9,0,0,0,0,0,0
9,0,10,5,1,0,1,0,0
24,0,12,0,0,0,0,0,0
5,0,20,0,0,0,0,0,1
35,0,4,1,0,2,0,0,0
23,0,44,2,0,0,0,0,0
61,0,6,1,1,0,1,0,1
46,4,29,0,0,0,16,0,1
22,0,8,4,0,0,0,0,0
4,0,9,3,0,0,0,0,0
21,0,127,6,2,0,1,0,1
3,0,10,2,0,0,0,1,1
20,0,25,3,0,0,1,0,1
20,0,15,0,0,0,0,0,0
170,0,6,0,0,0,0,0,1
14,0,21,2,0,0,0,0,0
1,0,8,2,0,0,0,0,0
4,0,23,0,0,0,0,0,0
8,0,12,0,0,0,1,0,0
43,0,9,0,0,0,1,0,1
32,1,31,1,1,0,1,0,1
0,0,15,1,2,1,2,1,1
6,0,118,2,1,0,2,0,1
8,0,2,1,0,0,0,0,0
23,0,12,0,0,0,0,0,0
29,0,19,1,0,0,1,0,1
53,3,15,0,0,0,1,0,0
0,0,18,0,0,0,2,0,1
56,0,19,6,42,4,7,0,1
4,0,8,0,0,0,1,0,1
43,0,147,7,1,0,0,0,1
25,0,18,2,0,0,0,0,0
11,0,17,0,0,0,0,0,0
188,1,1,4,1,3,1,0,1
20,0,12,7,0,0,0,0,0
51,3,42,4,1,0,3,0,0
15,0,161,10,0,0,0,1,1
4,0,12,0,0,0,0,0,0
18,0,7,0,0,0,0,0,0
2,0,5,2,0,0,1,0,1
510,5,5,1,0,0,3,1,1
0,0,11,4,1,0,0,1,0
7,0,972,31,4,0,2,2,1
746,9,36,7,1,4,6,0,1
2,0,14,0,0,0,1,0,1
89,0,58,18,6,0,4,0,1
58,0,38,10,0,0,0,0,1
2,0,10,1,0,0,1,0,0
2,0,12,4,0,0,0,0,0
104,0,26,0,0,0,0,0,0
11,0,48,5,0,0,1,0,1
31,0,5,0,0,0,0,0,1
5,0,15,0,0,0,0,0,1
6,0,10,2,0,0,0,0,0
16,0,21,5,0,0,0,0,0
0,0,15,2,0,0,0,0,1
120,0,2,0,0,0,1,0,1
21,0,50,9,0,0,0,0,0
307,12,199,19,2,1,13,1,1
19,0,60,5,0,0,3,0,1
64,0,208,4,2,0,3,0,1
17,1,92,1,0,0,3,2,1
11,0,4,3,0,0,0,0,0
2,0,25,1,0,0,0,0,1
3,0,18,1,0,0,0,0,0
23,1,86,0,0,0,0,0,0
31,0,11,0,0,0,0,0,0
0,0,10,0,0,0,1,0,0
23,0,33,0,0,0,0,0,0
8,0,27,6,0,0,0,0,0
2,0,12,0,0,0,0,0,0
9,0,11,0,0,0,0,0,1
21,0,14,0,0,0,1,0,1
23,1,23,7,8,0,1,0,1
1,0,31,0,0,0,0,0,0
43,0,11,3,0,6,0,0,1
57,0,94,2,0,0,0,0,0
0,0,84,15,0,0,0,0,0
0,0,149,39,14,0,0,1,0
59,2,57,3,0,0,1,0,1
10,0,12,2,0,0,5,1,1
13,3,0,0,0,0,2,0,0
39,1,50,21,1,0,2,0,0
2,0,5,1,0,0,0,0,1
0,0,0,26,1,0,0,0,0
0,0,17,3,0,0,0,0,0
8,0,73,6,0,0,0,0,0
16,0,13,4,0,0,0,0,1
0,0,8,3,0,0,0,0,1
26,0,13,0,0,0,0,0,1
59,0,69,2,0,1,7,0,1
6,0,128,27,0,0,2,0,1
1,0,19,4,0,0,3,0,0
14,0,21,16,1,0,0,0,0
0,0,35,2,0,0,0,0,0
0,0,21,1,0,0,0,0,0
11,0,11,0,0,0,0,2,0
29,0,5,0,0,0,0,0,1
9,0,15,9,0,0,1,0,1
3,0,16,1,1,0,0,0,0
52,0,21,2,3,0,6,2,1
37,2,31,13,0,0,0,0,0
8,0,3,2,0,0,0,0,1
1,0,22,14,0,0,0,0,0
6,0,16,1,0,0,1,0,1
34,0,11,1,0,0,0,0,0
134,1,37,2,0,0,2,0,1
0,0,38,2,0,0,1,0,1
16,3,11,1,0,0,2,0,1
36,0,15,1,0,0,0,0,0
10,0,15,0,0,0,0,0,0
82,3,172,19,5,0,11,3,1
40,1,364,8,2,0,0,0,0
37,0,13,0,0,0,0,0,0
52,0,41,34,0,0,0,0,0
9,0,8,2,0,0,0,0,0
32,0,24,2,1,0,1,0,1
10,0,9,0,0,0,0,0,1
39,0,259,19,5,1,7,2,1
5,0,5,4,0,0,0,0,0
19,0,19,2,0,0,2,0,1
4,0,53,1,0,0,3,0,1
3,0,21,10,3,1,1,0,0
25,1,33,0,0,0,0,0,0
7,0,7,0,0,0,0,0,1
5,0,13,0,0,0,0,0,0
32,0,20,5,0,0,3,0,1
19,1,4,5,0,0,2,0,1
10,0,30,4,0,0,0,0,0
36,2,2,3,0,0,0,0,1
28,0,114,6,1,0,1,0,0
32,0,19,0,0,0,0,0,0
46,1,23,0,0,0,0,0,0
11,0,35,2,0,0,0,0,1
0,0,45,3,0,0,0,0,0
73,0,15,1,1,0,3,0,0
0,0,15,5,0,0,0,1,1
17,0,1,0,0,0,0,0,1
8,0,8,4,0,0,1,0,1
4,0,8,0,0,0,0,1,1
1,0,8,2,0,0,0,0,0
3,0,17,0,0,0,0,0,0
2,0,33,23,8,0,1,0,1
0,0,31,0,0,0,0,0,1
14,0,7,2,0,0,0,0,0
5,0,7,0,0,0,3,0,1
8,0,8,1,0,0,0,0,1
24,0,50,44,8,0,0,0,1
2,0,254,10,0,0,0,5,1
25,0,16,3,0,0,0,0,1
2,0,11,1,0,0,0,0,1
5,0,14,0,0,0,0,0,0
40,1,100,9,0,0,2,0,1
15,0,29,3,0,0,1,1,1
102,1,117,13,0,0,1,2,0
17,0,8,3,1,0,1,0,1
86,2,55,2,1,0,1,0,0
1,0,339,5,0,0,3,0,1
6,0,5,2,0,0,0,0,0
10,0,31,14,0,0,0,0,0
4,0,39,10,0,1,0,0,1
0,0,31,5,0,0,0,0,0
18,0,86,4,0,0,0,0,0
12,0,25,0,0,0,0,0,0
29,0,8,0,0,0,0,0,0
10,1,16,1,0,0,0,0,1
9,0,16,1,0,0,0,0,0
8,0,38,0,0,0,1,0,1
44,0,9,1,0,0,0,0,0
0,0,175,25,6,3,1,3,1
6,0,17,0,0,0,2,0,1
15,0,4,1,0,0,0,0,1
37,0,5,2,0,1,2,0,1
0,0,9,2,0,0,0,0,0
13,0,9,1,0,0,0,0,0
10,0,13,0,0,0,0,0,0
17,0,20,0,0,0,0,0,0
48,0,18,13,0,0,0,0,1
16,1,18,8,0,0,0,1,1
14,0,19,1,0,0,0,1,0
159,2,19,1,0,0,0,0,0
9,0,7,2,0,0,0,0,0
43,0,7,1,0,0,1,0,0
8,0,16,1,0,0,1,0,1
15,1,15,1,0,0,0,0,0
10,0,21,0,0,0,1,0,0
21,0,9,0,0,0,0,0,0
3,0,26,2,0,0,0,0,0
47,0,15,2,0,0,0,0,0
12,0,42,2,0,0,3,0,1
22,0,52,3,0,0,9,0,1
22,0,2,4,0,0,1,0,1
1,0,43,0,0,0,0,0,1
0,0,3,15,0,0,0,0,1
30,0,380,32,5,0,3,3,1
19,0,11,0,0,0,0,0,0
12,0,19,1,0,0,0,0,0
24,0,12,1,1,0,0,0,1
14,0,15,0,0,0,0,0,0
15,0,1,9,1,1,1,0,1
9,0,15,2,0,0,0,0,0
18,1,11,1,0,0,0,0,0
16,0,13,0,0,0,0,0,1
31,0,10,0,0,0,1,0,0
4,0,9,0,0,0,0,0,0
41,0,42,3,1,0,1,0,1
19,0,22,0,0,0,0,0,0
9,0,14,0,0,0,0,0,0
8,0,8,0,0,0,0,0,0
1,0,186,19,15,0,1,4,1
2,0,165,4,0,0,0,0,1
33,0,12,13,0,0,0,0,0
8,1,20,1,0,0,0,0,0
50,0,16,0,0,0,0,0,0
1,0,10,0,0,0,0,0,1
7,0,11,1,0,0,0,0,0
3,0,16,0,0,0,1,0,1
2,0,7,2,0,0,0,0,0
8,0,6,2,0,0,0,0,0
20,0,9,0,0,0,0,0,0
2,1,14,1,0,0,0,0,0
34,0,9,0,0,0,0,0,0
22,1,29,2,1,0,0,0,0
1,0,40,0,0,0,0,0,0
5,0,16,0,0,0,0,0,0
12,0,9,3,0,0,0,0,0
13,0,43,7,0,0,0,0,0
21,0,35,0,0,0,1,0,0
0,0,13,0,0,0,0,1,1
5,1,52,3,0,0,0,0,0
14,1,114,1,0,0,3,0,1
19,0,21,0,0,0,0,0,0
0,0,345,9,0,0,2,0,1
6,0,10,1,0,0,0,0,1
27,1,10,0,0,0,0,0,0
20,0,14,3,0,0,0,0,0
20,1,14,0,0,0,0,0,0
12,0,10,2,0,0,0,0,1
5,0,11,0,0,0,0,0,1
2,0,19,0,0,0,0,0,0
2,0,8,1,0,1,1,0,1
5,0,9,3,0,0,0,0,1
33,0,73,14,1,0,9,0,1
149,1,10,0,0,0,2,0,0
1,0,16,1,0,0,0,0,0
15,0,17,1,0,0,0,0,0
54,0,148,12,13,0,5,4,1
5,0,23,0,0,0,1,0,1
0,0,294,29,54,2,5,9,1
79,1,7,0,0,0,0,0,0
12,0,8,0,0,0,0,0,0
13,0,13,1,0,0,0,0,0
59,2,6,0,0,0,4,1,0
9,1,43,0,0,0,0,0,0
19,0,43,1,0,0,0,0,0
12,1,9,1,0,0,0,0,0
9,0,37,1,0,0,1,0,1
1,0,14,0,0,0,0,0,0
1,0,7,2,0,0,0,0,0
2,0,12,0,0,0,0,0,0
85,4,2,1,0,0,3,0,0
94,0,14,2,0,0,0,0,0
7,0,19,5,1,0,0,0,1
1,0,7,1,0,0,2,0,0
24,0,14,0,0,0,3,0,0
52,0,11,0,0,0,1,0,0
4,0,77,2,1,0,0,0,0
4,0,12,6,1,0,0,0,0
8,0,7,0,0,0,1,0,0
15,0,17,1,1,0,0,0,0
68,0,9,0,0,0,1,0,1
68,4,114,10,0,17,1,0,0
0,0,11,0,0,0,0,0,0
10,0,19,0,0,0,0,0,0
11,0,4,0,0,0,0,0,1
15,0,8,0,0,0,0,0,0
50,0,6,0,0,2,1,0,1
18,0,11,2,0,0,2,0,1
1,0,6,3,0,0,0,0,0
15,0,18,0,0,0,0,0,0
158,1,1,1,0,9,5,0,1
23,0,9,0,0,0,1,0,1
8,0,7,5,0,0,0,0,1
40,1,5,4,0,0,1,0,1
345,6,31,0,1,1,2,0,0
417,13,3,0,0,1,4,0,1
23,0,16,2,0,0,0,0,1
11,0,1211,52,10,0,6,4,1
191,0,46,1,0,2,0,0,1
26,0,22,0,0,0,1,0,1
123,1,5,0,0,2,2,0,0
16,0,30,3,0,0,1,0,1
3,0,8,0,0,0,0,0,1
11,0,17,1,0,0,0,0,0
3,0,20,0,0,0,0,0,0
8,0,56,4,0,0,0,0,0
26,0,26,4,0,0,0,0,0
43,0,8,1,0,0,0,0,0
8,0,11,3,0,0,0,0,0
3,0,22,0,0,0,0,0,0
202,1,272,22,0,0,2,2,1
11,0,10,1,0,0,1,2,1
16,0,15,1,0,0,1,0,1
24,0,8,0,0,0,0,0,0
9,0,10,0,0,0,0,0,0
14,2,16,3,0,0,0,0,0
147,1,23,1,0,1,1,0,1
6,0,25,0,0,0,0,0,0
6,0,11,2,0,0,0,0,0
8,0,5,2,0,0,0,0,1
12,0,90,16,2,0,8,1,1
27,0,20,1,0,0,1,1,1
67,0,26,5,0,0,1,0,1
8,0,21,3,0,0,0,0,0
9,0,13,0,0,0,0,0,0
24,7,9,0,0,0,2,0,0
8,0,17,0,0,0,0,0,0
11,0,8,0,0,0,0,0,0
1,0,36,0,0,0,0,0,1
1,0,11,1,0,0,0,0,0
5,1,8,1,0,0,0,0,0
7,0,10,0,0,0,0,0,0
25,0,9,2,1,0,3,0,1
0,0,15,0,0,0,0,0,0
65,0,1,1,0,0,2,0,1
34,1,9,1,0,0,0,0,0
2,0,5,1,0,0,0,0,1
18,3,15,1,0,0,1,0,0
49,0,26,1,0,0,4,0,1
2,0,14,0,0,0,0,0,0
10,0,39,0,0,0,2,0,0
11,0,8,0,0,0,0,0,0
5,0,48,2,0,0,0,0,0
29,0,13,1,0,0,0,1,0
4,0,7,0,0,0,0,3,0
4,0,10,3,0,0,0,0,1
1,0,18,0,0,0,0,0,0
11,0,16,4,0,0,0,0,0
1,0,1050,11,2,0,1,0,1
62,0,120,8,0,0,1,0,0
10,0,12,0,2,0,0,0,0
0,0,11,0,0,0,1,0,1
0,0,14,0,0,0,0,0,0
17,0,8,0,1,0,1,0,1
0,0,15,0,0,0,0,0,0
5,0,156,22,6,0,1,5,1
9,0,13,1,0,0,1,0,1
13,0,7,0,0,0,0,0,1
10,0,31,17,0,0,0,0,1
85,1,80,1,0,0,2,1,0
0,0,14,2,0,0,0,0,0
5,0,4,3,0,0,1,0,1
12,0,26,22,0,0,1,0,1
15,0,8,3,0,0,0,0,0
336,1,18,14,0,1,3,0,1
15,0,45,2,0,0,0,0,1
4,0,21,1,0,0,1,0,1
28,0,2,1,0,0,3,0,1
5,0,37,1,0,0,0,0,1
189,0,66,5,0,0,0,0,0
21,0,7,0,0,0,0,0,0
29,0,30,0,0,0,0,0,0
8,0,42,1,0,0,1,0,1
1,0,13,2,0,0,0,0,0
2,0,9,1,0,0,0,0,1
3,0,9,2,0,0,0,0,1
6,0,9,2,0,0,0,0,0
36,0,10,0,0,0,0,0,0
6,0,35,3,0,0,0,0,1
29,0,217,28,9,6,15,2,1
1,0,11,0,0,0,0,0,0
9,0,13,1,0,0,0,0,1
81,0,101,7,2,0,21,0,1
12,0,21,3,3,0,4,1,1
33,0,33,1,0,0,0,0,0
17,0,20,5,0,3,0,0,1
10,0,12,1,0,0,0,0,0
3,0,10,0,0,0,0,0,1
17,0,16,0,0,0,3,0,0
345,1,5,1,0,1,2,0,1
0,0,63,3,0,0,1,0,1
1,0,20,1,0,0,0,0,1
10,0,11,1,1,0,0,0,0
55,0,259,13,12,1,9,1,1
2,0,28,1,0,0,0,0,0
84,0,18,3,12,0,1,0,1
41,1,22,0,0,0,0,0,0
111,3,37,109,0,0,1,0,1
15,0,10,0,0,0,0,0,0
4,0,10,1,0,0,0,0,0
0,0,9,0,0,5,0,0,0
27,0,7,0,0,0,0,0,0
3,0,9,0,0,0,0,0,0
7,0,26,0,0,0,0,0,0
7,0,98,4,0,0,2,0,1
44,0,4,0,1,0,2,0,1
162,2,102,4,1,0,1,6,1
63,0,17,0,0,0,2,0,1
21,0,162,2,0,0,0,0,1
0,0,5,1,0,0,0,0,1
35,0,8,24,0,0,0,0,0
1,0,13,0,0,0,0,0,0
2,0,8,0,0,0,0,0,0
17,0,17,0,0,0,0,0,0
11,0,24,2,0,0,0,0,0
13,0,10,0,0,0,0,1,1
24,0,15,2,1,0,0,1,0
111,0,5,0,0,0,2,0,1
34,2,18,0,0,0,0,0,1
20,0,21,0,0,0,0,0,0
205,0,5,2,0,0,0,0,1
6,0,11,0,0,0,1,0,0
109,0,234,12,5,0,0,1,0
6,0,32,3,0,0,1,1,1
3,0,9,1,0,0,0,0,1
17,1,71,3,4,5,9,0,1
5,0,22,0,0,0,0,0,0
27,0,20,0,1,0,0,0,1
12,0,26,0,0,0,0,0,0
0,0,17,0,0,0,0,0,0
1,0,81,0,0,0,1,0,1
7,0,23,2,0,0,0,0,1
89,0,13,1,0,0,1,0,0
7,0,8,1,0,0,1,0,1
16,0,40,4,11,0,2,0,1
81,0,257,8,6,0,3,2,0
8,0,43,0,0,0,0,0,0
17,0,47,2,0,0,1,0,0
2,0,12,0,0,0,0,0,0
19,0,9,0,0,0,0,0,1
1,0,2,0,0,0,0,0,1
16,0,10,0,0,0,0,0,1
8,0,10,0,0,0,1,1,0
21,0,8,5,0,0,1,0,1
5,0,6,1,0,0,1,0,1
8,1,7,1,0,0,0,0,1
0,0,11,0,0,0,1,0,0
336,4,32,0,1,1,0,0,1
10,0,11,1,0,0,0,0,0
282,5,321,13,7,0,6,1,1
10,0,12,0,0,0,1,0,1
11,0,15,2,0,0,0,0,0
14,0,7,0,0,0,0,0,1
6,0,34,0,0,0,0,0,0
20,0,17,0,0,0,0,0,0
153,0,31,7,0,0,0,0,1
4,0,6,2,0,0,0,0,0
8,0,9,1,0,0,1,0,1
92,3,56,0,0,0,0,0,1
5,0,68,3,0,0,0,0,0
6,0,29,2,0,0,0,0,0
5,0,35,3,2,1,1,2,1
32,0,38,0,0,0,0,0,0
1,0,11,0,0,0,0,0,0
12,0,2,0,0,0,2,0,1
21,0,27,2,0,0,0,0,0
0,0,11,0,0,0,0,0,0
11,0,12,1,0,0,1,0,1
17,0,22,1,1,1,1,0,1
20,0,129,9,0,0,3,0,1
29,8,2,9,0,1,0,0,1
14,0,25,1,0,0,0,0,1
414,3,436,21,59,10,36,2,1
4,0,25,1,0,0,0,0,0
8,0,26,0,3,0,0,0,1
0,0,7,2,0,0,0,0,0
21,0,8,0,0,1,0,0,0
8,0,9,2,1,0,0,1,0
2,0,4,0,0,0,0,0,1
2,0,16,0,0,0,0,0,0
4,0,12,1,0,0,0,0,0
130,1,144,19,0,0,0,0,1
51,0,5,1,1,0,0,0,1
17,0,9,0,0,0,0,0,0
33,1,34,1,0,0,1,0,0
3,0,18,1,0,0,0,0,0
11,0,11,1,0,0,0,0,0
28,0,22,1,1,0,5,1,1
19,1,21,2,0,0,1,0,1
15,0,9,0,0,0,1,0,1
7,0,11,1,0,0,0,0,0
2,0,13,0,0,0,0,0,0
11,0,9,3,0,0,2,0,1
1,0,4,0,0,0,0,0,1
8,0,32,0,0,0,0,0,0
11,0,13,1,0,0,0,0,0
7,0,8,0,0,0,0,0,0
19,0,10,0,0,0,0,0,0
5,0,9,0,0,0,0,0,0
8,0,21,1,0,0,3,0,1
2,0,9,2,0,0,0,0,0
11,0,11,0,0,0,0,0,0
3,1,135,5,1,0,2,0,1
7,0,7,1,0,0,0,0,1
17,0,12,1,0,0,0,0,0
17,0,19,0,0,1,0,0,0
39,0,45,0,0,0,3,0,1
3,0,72,12,0,2,0,0,1
22,0,13,2,0,0,1,1,1
10,0,11,0,0,0,0,0,0
2,0,20,4,0,0,0,0,0
5,0,10,0,0,0,0,0,0
9,0,11,1,0,0,0,0,0
5,0,9,1,0,0,0,0,0
1,0,19,0,0,0,0,0,0
5,0,15,0,0,0,0,0,0
7,0,8,0,0,0,0,0,0
1,0,8,0,0,0,0,0,0
1,0,33,9,0,0,1,0,0
0,0,1,1,10,0,4,0,1
0,0,3,7,1,0,1,0,1
0,0,30,5,3,0,0,0,0
2,0,15,1,0,0,1,0,0
9,0,15,0,0,0,0,0,0
13,0,22,1,0,0,0,0,0
13,0,15,1,0,0,1,0,1
31,0,2,0,6,0,3,0,1
0,0,11,1,0,0,0,0,0
18,0,26,0,0,0,0,0,0
0,0,190,2,1,0,0,0,1
28,0,25,0,1,0,0,0,0
5,0,1,0,0,0,1,0,1
17,4,9,0,0,0,0,0,0
0,0,43,0,0,0,0,0,0
8,0,3,0,0,0,0,0,1
8,0,13,1,0,0,2,1,1
0,0,85,2,6,0,1,1,1
40,0,4,0,0,0,1,0,1
0,0,4,0,2,0,1,0,1
12,0,19,0,0,0,0,0,1
0,0,39,1,0,0,3,0,0
1,0,91,7,0,0,0,0,0
7,0,7,1,0,0,0,0,0
40,3,17,0,0,0,0,0,0
37,0,8,0,0,0,1,0,1
277,4,116,0,0,0,2,0,1
1,0,57,1,6,0,0,2,1
96,0,110,4,2,1,2,0,1
3,0,1,1,0,0,0,0,0
1,0,12,0,0,0,0,0,0
13,4,53,2,0,0,2,0,0
10,0,5,4,1,0,0,0,0
0,0,27,1,1,0,0,0,1
13,1,11,3,0,0,1,0,1
3,0,12,0,0,0,2,0,1
24,0,7,1,0,0,1,0,0
0,0,13,0,0,0,0,0,0
5,0,7,0,0,0,0,0,0
17,0,9,0,0,0,0,0,0
0,0,42,0,0,0,0,0,1
0,0,61,1,3,0,1,5,1
17,0,7,0,0,0,0,0,0
0,0,128,3,0,0,0,0,0
16,1,22,2,0,0,0,0,0
26,1,2,1,8,0,2,0,1
8,0,8,2,1,0,0,0,0
10,0,13,2,0,0,2,0,1
32,0,27,4,1,0,1,0,1
8,0,4,0,0,0,0,0,1
0,0,23,0,0,0,0,0,0
0,0,13,0,0,0,0,0,0
5,0,5,0,0,0,0,0,1
0,0,18,0,0,0,0,0,0
31,1,15,1,0,0,2,0,1
7,0,8,0,0,0,0,0,0
20,0,12,2,1,0,0,0,1
31,0,77,9,6,0,1,0,1
28,0,13,1,0,0,0,0,0
3,0,10,0,0,0,0,0,0
0,0,30,0,0,0,1,0,1
13,0,1,0,0,0,0,0,1
178,0,42,0,0,2,1,2,1
7,0,9,1,0,0,0,0,1
0,0,13,0,0,0,0,0,0
21,0,25,1,0,0,0,0,1
14,0,32,0,2,0,0,0,0
4,0,23,1,1,0,0,0,0
60,0,102,3,1,0,0,0,1
120,0,7,0,0,0,3,0,0
12,0,20,1,0,0,1,0,0
0,0,33,5,0,0,0,0,0
0,0,54,4,2,0,0,1,0
12,0,25,0,0,0,0,0,0
0,0,31,0,0,0,0,0,0
16,0,419,0,0,0,2,1,1
12,0,12,2,0,0,0,0,1
12,0,9,1,0,0,0,0,0
16,0,13,0,0,0,0,0,0
0,0,50,0,4,0,0,0,1
54,0,9,7,0,0,0,0,0
1,0,6,0,0,0,2,0,0
5,0,46,0,1,0,2,0,0
15,0,7,1,0,0,1,0,1
7,1,21,4,0,0,1,0,1
0,0,36,1,0,0,0,0,1
1,0,28,2,0,0,2,0,1
0,0,51,0,1,0,0,0,0
8,0,6,14,0,0,0,0,0
2,0,21,6,1,0,0,0,1
0,0,33,9,0,0,1,0,0
0,0,55,0,2,0,0,0,0
7,0,8,0,0,0,0,0,1
0,0,28,0,0,0,0,0,0
18,0,8,1,1,0,0,0,0
0,0,12,0,0,0,1,0,0
9,0,9,0,0,0,0,0,0
103,0,7,0,0,0,0,0,0
0,0,25,0,0,0,0,0,0
1,0,29,4,0,0,2,0,1
1,0,3,0,0,0,0,0,1
8,0,18,5,1,0,8,0,1
5,0,8,1,0,0,0,0,0
25,0,45,4,2,0,2,0,1
8,0,9,1,0,0,0,0,0
3,0,9,1,0,0,0,0,0
52,0,50,3,4,1,9,0,1
3,0,20,0,0,0,0,0,0
18,1,16,0,0,0,2,0,1
55,0,9,0,0,0,0,0,0
24,2,24,0,1,0,4,0,1
5,0,13,2,0,0,0,0,0
17,1,10,0,1,0,0,0,1
1,0,13,0,0,0,0,0,0
17,0,19,1,0,0,0,0,1
9,0,22,3,0,0,0,0,0
16,0,28,0,0,0,0,0,0
7,0,44,1,0,0,0,0,1
11,0,50,0,0,0,1,0,1
1,0,7,1,0,0,0,0,0
1,0,72,1,1,0,2,0,1
0,0,222,1,2,0,2,1,1
9,0,33,2,0,0,2,0,1
6,0,9,0,0,0,0,0,0
0,0,9,5,0,0,0,0,1
0,0,34,2,0,0,3,0,1
0,0,0,6,0,0,0,0,1
0,0,25,1,0,0,0,0,0
3,0,63,1,0,0,0,0,0
13,1,8,0,0,0,0,0,1
27,0,12,4,0,0,3,0,1
11,0,12,0,0,0,0,0,0
34,0,51,0,0,0,3,1,1
5,0,19,1,0,0,0,0,0
7,0,65,0,0,0,0,0,0
42,1,38,0,0,0,1,0,1
0,0,78,0,0,0,0,0,0
11,0,13,0,0,0,0,0,0
5,0,3,0,1,0,3,0,1
13,2,6,0,0,0,0,0,1
0,0,21,0,0,0,0,0,0
0,0,2,0,0,0,0,0,1
13,0,12,0,0,0,0,0,0
3,0,26,0,0,0,0,0,1
19,0,7,1,0,4,1,0,0
4,0,6,0,0,0,0,3,1
64,0,38,0,0,0,1,0,1
5,0,7,2,0,0,0,1,1
0,0,66,0,1,0,0,0,0
2,0,17,1,0,0,0,0,1
0,0,138,13,3,0,3,0,0
3,1,32,0,0,0,0,0,0
17,1,46,1,0,0,0,0,0
0,0,11,0,0,0,0,0,0
10,1,10,2,0,0,0,0,0
18,0,13,0,0,0,0,0,0
26,0,13,0,0,0,0,0,0
17,0,5,0,0,0,0,0,1
183,2,123,108,4,1,2,0,1
7,0,16,0,0,0,0,0,0
2,0,13,0,0,0,0,0,0
2,0,7,1,0,0,0,0,1
17,0,7,1,0,0,0,0,1
0,0,26,0,0,0,0,0,1
2,0,12,1,0,0,0,0,0
0,0,16,0,0,0,0,0,1
3,0,13,1,0,0,0,0,1
0,0,19,0,0,0,0,0,0
8,0,49,1,0,0,0,0,0
5,0,51,0,2,0,0,0,0
65,0,21,0,1,0,1,0,1
7,0,59,1,1,0,0,0,1
10,0,12,1,0,0,0,0,0
0,0,51,0,0,0,9,0,0
3,0,7,0,0,0,0,0,1
0,0,13,0,0,0,0,0,0
10,0,2,0,0,0,0,0,1
0,0,46,3,0,0,0,0,0
1,0,13,1,1,0,0,0,0
26,0,59,0,0,0,0,0,1
174,3,80,2,29,0,8,0,1
12,0,8,1,0,0,3,0,1
1,0,16,0,0,0,1,0,0
0,0,275,4,2,0,1,2,1
14,0,9,0,0,0,0,0,0
6,0,29,1,0,0,0,0,0
5,0,7,0,0,0,0,0,0
0,0,208,0,0,0,0,0,0
0,0,59,2,1,0,0,0,0
7,0,17,0,0,0,0,0,0
7,1,44,0,0,0,0,0,1
15,0,19,0,0,0,0,0,0
18,0,16,2,0,0,0,0,1
63,0,34,0,0,0,1,0,0
31,0,35,4,0,0,1,0,1
2,0,30,3,0,0,0,0,0
3,0,30,3,1,0,3,0,1
0,0,411,14,7,0,3,0,1
59,0,63,2,1,0,6,2,1
44,0,19,0,0,0,1,0,0
24,1,28,2,2,0,1,0,1
1,0,17,2,0,0,0,1,0
0,0,100,0,1,0,0,1,1
7,0,17,0,0,0,0,0,1
3,0,9,0,0,0,0,0,0
9,0,36,0,0,0,0,0,0
2,0,11,1,0,0,0,0,0
0,0,46,0,0,0,0,0,1
14,0,40,0,1,0,2,0,1
24,0,6,0,1,0,0,0,1
0,0,14,0,0,3,0,0,0
103,10,148,3,0,0,0,0,1
48,0,59,0,0,0,0,0,0
42,1,24,2,0,0,2,0,1
7,0,7,0,0,0,0,0,0
1,0,13,0,0,0,0,0,0
18,0,0,0,0,0,3,0,1
44,1,3,0,0,0,0,0,1
10,0,67,0,3,1,6,1,1
8,0,22,4,0,0,0,0,0
12,0,6,0,0,1,2,1,1
17,0,27,0,0,1,0,0,1
51,0,6,1,0,0,1,0,0
6,0,4,1,0,0,1,0,1
0,0,23,0,0,0,0,0,1
23,0,14,0,0,0,0,0,0
65,2,21,0,0,0,0,0,0
0,0,64,0,0,0,0,0,0
2,0,703,29,24,0,0,3,1
1,0,69,4,2,0,1,0,0
106,0,18,2,0,0,0,0,0
18,0,23,1,0,0,0,0,0
0,0,8,3,1,0,0,0,1
4,0,16,0,0,0,1,0,1
12,0,11,1,0,0,0,0,0
6,0,15,2,0,0,0,0,0
1,0,12,3,0,0,0,0,0
0,0,54,0,1,0,0,0,1
5,0,15,0,0,0,0,0,1
0,0,12,1,0,0,0,0,1
2,0,6,0,0,0,0,0,0
53,0,12,0,0,0,0,0,0
0,0,417,0,2,0,3,0,1
0,0,55,1,2,0,0,0,0
83,6,39,0,0,0,0,0,0
12,0,38,1,0,0,0,0,0
5,0,3,1,0,0,0,0,1
9,0,12,1,0,0,1,0,1
0,0,9,1,0,0,0,0,0
100,14,7,0,0,0,1,0,0
26,0,1,1,0,0,1,1,1
0,0,20,2,0,0,0,0,1
4,0,7,0,0,0,0,1,1
13,0,6,2,1,0,0,0,1
260,1,51,13,1,0,6,0,1
0,0,119,6,2,0,0,1,1
1,1,6,0,0,1,0,0,0
2,0,28,4,0,0,0,0,1
54,0,194,6,0,0,0,0,1
2,0,10,0,0,0,0,0,1
3,0,8,1,0,0,0,0,0
5,0,11,0,0,1,0,0,0
14,0,57,9,3,0,2,0,0
2,0,28,5,1,0,1,0,1
1,0,44,1,0,0,0,0,1
0,0,63,1,2,0,0,0,1
0,0,19,0,0,0,0,0,0
19,0,34,12,0,0,0,0,1
63,0,68,0,0,0,4,1,0
9,0,24,0,0,0,0,0,0
0,1,7,0,0,0,0,0,0
13,0,19,1,0,0,0,0,0
4,0,18,0,0,0,0,0,0
0,0,14,0,0,0,0,0,0
5,0,10,0,0,0,0,0,0
10,0,10,2,0,0,0,0,1
40,0,12,0,0,0,0,0,0
10,0,47,5,0,0,2,0,1
29,2,16,0,0,0,0,0,1
0,0,50,0,0,0,0,0,0
3,0,9,0,0,0,0,0,1
0,0,14,0,0,0,0,0,0
26,0,10,1,2,0,1,0,1
10,0,29,0,0,0,0,0,0
5,0,13,0,0,0,0,0,0
5,0,20,1,0,0,1,1,1
0,0,43,2,2,0,0,1,1
20,0,12,1,0,0,0,0,0
15,1,29,1,0,0,3,0,1
8,0,8,0,0,0,0,0,0
12,0,0,1,0,0,1,0,1
7,0,16,2,0,0,1,0,1
7,0,9,0,0,0,0,0,0
63,0,11,6,1,0,0,0,1
2,0,11,0,0,0,0,0,0
17,0,33,15,2,0,0,0,1
4,0,15,0,0,0,0,0,0
12,0,22,2,0,0,2,0,1
10,0,2,0,0,0,0,0,1
27,0,187,7,13,0,3,6,1
0,0,24,0,0,0,0,0,0
1,1,71,5,0,0,1,0,1
10,0,8,0,0,0,0,0,0
3,0,8,1,0,0,0,0,0
9,0,7,3,0,0,1,1,1
1,0,14,0,0,0,0,0,0
2,0,10,1,0,0,0,1,0
0,0,83,5,0,0,0,1,1
0,0,4,1,0,0,0,0,1
2,0,8,1,0,0,0,1,0
2,0,13,1,0,0,1,0,1
1,0,23,1,0,0,0,0,0
13,0,59,9,1,0,1,0,1
2,0,2,0,0,0,0,0,1
10,0,6,0,0,0,0,0,1
10,0,19,0,0,0,0,0,0
0,0,31,0,0,0,0,0,0
8,0,42,0,0,0,0,0,0
27,0,9,0,0,0,0,0,1
0,0,32,1,0,0,0,0,1
4,0,20,1,0,0,0,0,1
24,0,108,5,1,0,3,0,1
0,0,697,17,2,0,2,0,1
0,0,49,1,1,0,0,0,0
14,1,19,0,0,1,0,0,0
74,0,39,6,3,0,2,0,1
10,0,22,10,1,0,1,0,1
22,0,10,0,0,0,0,0,0
11,0,30,2,0,0,0,0,1
3,0,4,0,0,0,1,0,1
1,0,9,0,1,0,0,0,1
0,0,20,0,0,0,0,0,0
51,0,8,1,0,0,0,0,0
13,0,10,0,0,0,0,0,0
4,0,4,1,0,0,1,0,1
25,0,0,0,0,0,2,0,0
8,0,1,0,0,0,1,0,1
0,0,7,0,0,0,0,0,1
0,0,8,3,0,0,0,0,0
7,0,1,2,1,0,2,0,1
21,0,2,0,1,0,6,0,1
18,0,28,0,0,0,1,0,1
25,0,8,7,2,0,0,0,1
6,0,12,2,0,0,1,0,1
5,0,42,3,1,0,3,0,1
8,0,14,5,0,0,0,0,1
4,0,16,3,0,0,0,0,0
2,0,6,2,1,0,0,0,1
22,0,16,1,0,0,1,0,1
19,0,8,6,0,0,0,0,1
5,0,24,0,0,0,0,0,0
10,0,5,0,0,0,1,0,1
3,0,11,2,0,0,1,0,0
55,0,27,1,0,0,0,0,0
20,0,65,8,0,0,0,0,1
13,0,25,12,1,0,3,0,1
12,0,9,0,1,0,0,0,0
0,0,9,0,0,0,0,0,0
11,0,9,0,0,0,0,0,0
12,0,18,0,0,0,0,0,0
9,0,6,3,0,0,0,0,1
0,0,31,1,0,0,0,0,1
4,0,31,0,0,0,0,0,0
73,0,94,12,2,0,3,0,1
36,0,33,4,0,0,0,0,0
14,0,102,5,1,0,1,0,1
4,0,20,2,0,0,0,0,0
0,0,23,0,1,0,0,0,0
6,0,40,3,0,0,0,0,0
0,0,72,3,2,0,0,0,1
2,0,15,0,0,0,0,0,0
0,0,23,0,0,0,0,1,0
2,0,538,33,16,1,3,2,1
79,0,132,0,1,0,1,0,1
423,4,126,48,1,0,0,0,1
14,0,6,2,0,0,5,0,1
36,1,28,2,0,0,2,0,1
0,0,368,5,5,0,0,2,1
24,0,13,3,0,0,0,0,1
5,0,12,0,0,0,0,0,1
226,0,15,0,0,0,0,0,1
1,0,11,0,0,0,0,0,1
0,0,19,0,0,0,0,0,1
15,2,29,1,1,0,1,0,1
1,1,70,4,1,0,3,0,1
13,0,3,1,0,0,0,0,1
5,0,2,2,0,0,0,0,1
2,0,14,0,0,0,0,0,0
38,1,4,2,0,0,1,0,1
0,0,9,0,0,0,0,0,0
23,0,32,1,0,0,1,0,0
3,0,6,0,0,0,0,0,1
14,0,18,4,0,0,2,0,1
13,0,15,1,0,0,0,0,0
0,0,85,2,2,0,0,0,0
63,2,156,10,5,1,0,0,0
2,0,6,0,0,0,0,0,1
6,0,17,0,0,0,0,0,0
0,0,56,2,0,0,0,0,0
1,0,352,26,8,0,4,1,1
10,0,43,1,0,0,0,0,0
12,0,9,0,0,0,2,0,1
68,0,54,0,0,0,0,0,1
2,0,19,5,0,0,1,0,1
0,0,4,0,0,0,0,0,1
2,0,11,2,0,0,0,0,0
22,0,15,0,0,0,0,0,0
0,0,36,1,3,0,2,0,1
5,0,8,2,0,0,1,0,1
11,0,12,1,0,0,1,0,1
13,0,31,0,1,0,2,0,1
22,0,23,0,0,0,1,0,0
8,0,53,4,0,0,0,0,0
130,4,8,0,0,0,1,0,1
3,0,62,0,0,0,0,0,0
0,0,72,8,1,0,0,0,0
8,0,93,6,0,0,3,0,1
3,0,25,2,0,0,0,0,1
5,0,63,10,0,0,0,0,1
1,0,21,0,0,0,0,0,0
11,0,9,0,0,0,1,0,0
7,0,15,0,0,0,0,0,0
0,0,129,9,1,0,0,1,1
1,0,25,0,0,0,0,0,0
0,0,11,1,0,0,0,0,0
2,0,13,0,0,0,0,0,0
12,0,10,0,0,0,2,0,0
68,0,14,0,0,0,3,0,1
22,0,21,0,0,0,0,0,0
1,0,12,6,1,0,0,0,0
2,0,13,1,0,0,0,0,0
3,0,10,0,0,0,0,0,0
5,0,8,0,0,0,0,0,1
3,0,16,1,0,0,0,0,0
0,1,35,1,1,0,0,0,0
2,0,35,0,1,0,0,1,0
1,0,10,0,0,0,0,0,0
375,1,1,2,0,1,0,0,1
45,2,47,0,0,0,0,0,0
40,0,11,0,0,0,0,0,0
2,0,26,0,0,0,1,0,1
5,0,8,0,0,0,2,0,0
69,2,3,0,0,0,2,0,1
0,0,1,1,0,0,0,0,1
0,0,18,0,0,0,0,0,0
2,0,1,0,0,0,0,0,1
0,0,28,7,1,0,0,0,0
1,0,8,1,0,0,0,0,0
3,0,26,0,0,0,0,0,0
0,0,148,6,2,3,0,1,0
0,0,38,3,2,0,2,1,1
0,0,53,0,0,0,0,0,0
10,0,321,22,8,0,2,5,1
0,0,42,0,0,0,0,0,0
0,0,0,0,0,0,0,0,0
4,0,19,2,1,0,1,1,1
1,0,4,0,0,0,0,0,1
3,1,78,1,2,0,7,0,1
0,0,6,1,0,0,4,1,1
10,0,5,0,0,0,1,0,0
55,0,38,0,0,0,0,0,0
14,0,22,1,0,0,0,0,0
3,0,0,0,0,0,0,0,1
2,0,311,21,8,0,1,0,0
2,0,446,28,7,0,0,0,0
0,0,24,1,0,0,0,1,1
19,4,8,0,0,0,0,0,0
3,1,61,19,3,1,0,0,1
305,0,1,0,0,0,1,0,1
7,2,51,3,0,0,0,0,0
0,0,82,1,0,0,5,1,1
80,0,0,0,0,0,0,0,1
0,0,93,3,0,0,0,0,0
1,0,12,0,1,0,0,0,0
23,0,177,14,28,1,6,0,1
2,0,4,0,0,0,0,0,0
0,0,251,13,8,0,3,1,1
20,0,14,0,0,0,4,0,1
7,0,14,3,0,0,3,0,1
16,0,10,7,0,0,3,0,1
24,0,30,1,1,0,0,0,1
51,0,0,0,0,0,0,0,1
13,0,7,1,0,0,0,0,1
11,0,19,1,0,0,0,0,0
0,0,13,1,0,0,0,0,0
9,0,12,1,0,0,0,0,0
13,0,8,0,0,0,0,0,1
3,0,31,0,0,0,0,0,0
1,0,12,2,1,0,0,1,0
0,0,390,40,9,0,2,0,1
1,0,10,1,0,0,0,0,0
43,1,92,2,0,1,3,1,1
2,0,9,1,0,0,0,0,0
0,0,22,0,0,0,0,0,0
19,0,31,0,0,0,0,0,0
5,0,5,0,0,0,2,1,1
0,0,41,1,0,0,0,0,1
10,0,6,1,0,0,1,0,1
107,1,56,2,0,0,3,0,1
8,0,11,0,0,0,0,0,0
4,0,18,3,1,0,0,0,1
2,0,1,1,0,0,2,0,1
136,0,75,1,0,0,0,0,0
8,0,16,2,0,0,0,0,0
1,0,15,0,0,0,0,0,1
0,0,27,3,0,0,1,0,1
1,0,12,0,0,0,0,0,0
130,1,9,0,0,0,0,0,0
6,0,4,0,0,0,0,0,1
13,0,9,0,0,0,1,0,1
2,0,41,0,0,0,0,0,0
60,0,0,0,0,5,2,0,0
1,0,6,0,0,0,1,0,0
14,0,11,0,0,0,0,0,0
5,0,12,1,0,0,0,0,0
6,0,14,0,0,0,0,0,0
47,0,25,6,1,0,1,0,1
9,0,15,0,0,0,0,0,0
7,0,20,1,0,1,1,0,1
0,0,171,3,2,0,2,0,1
102,1,411,31,10,0,15,2,1
1,0,7,1,0,0,0,0,0
0,0,9,1,0,0,0,0,1
3,0,5,1,0,0,1,0,1
2,0,18,0,0,0,0,0,0
9,0,30,0,0,0,0,0,1
3,0,7,0,0,0,2,0,0
22,0,45,1,2,0,3,0,1
2,0,24,0,1,0,0,0,1
3,0,7,1,0,0,0,0,0
0,0,27,0,0,0,1,0,1
48,0,16,1,0,0,0,0,1
7,0,7,1,0,0,0,0,0
1,0,8,0,0,0,1,0,1
0,0,22,0,0,0,0,0,1
1,0,64,1,0,0,0,0,0
1,0,16,2,0,0,0,0,0
1,0,12,0,0,0,0,0,0
0,0,63,6,0,0,0,1,0
0,0,14,0,0,0,0,0,0
0,0,30,0,0,0,1,0,0
0,0,127,8,3,0,1,1,0
0,0,18,2,1,0,0,0,1
18,0,13,0,0,0,0,0,0
5,0,7,0,0,0,0,0,0
2,0,8,2,0,0,0,0,0
24,1,73,5,1,0,2,0,1
0,0,66,6,2,0,2,2,0
7,0,13,0,0,0,0,0,0
0,0,10,0,0,0,0,0,1
0,0,10,2,1,0,0,0,0
6,0,16,0,0,0,3,1,1
4,0,16,1,0,0,0,0,0
4,0,21,3,0,0,0,0,1
1,0,20,4,0,0,0,0,0
6,0,5,1,0,0,0,0,1
17,0,156,4,2,0,2,0,1
0,0,233,14,4,0,0,2,1
3,0,6,0,0,0,0,0,0
17,0,55,4,0,0,0,0,1
0,0,148,3,0,0,0,0,1
7,0,7,0,0,0,0,0,0
30,0,415,8,1,0,4,0,1
1,0,14,1,0,0,0,0,0
10,0,12,0,0,0,0,0,0
12,0,14,1,0,0,0,0,1
5,0,4,0,0,0,0,0,1
1,1,6,1,0,0,0,0,1
2,0,21,2,0,0,0,0,0
0,0,11,2,0,0,0,0,0
8,0,11,3,0,0,0,0,0
3,0,2,0,0,0,0,0,1
106,0,17,2,1,0,1,0,1
4,0,13,1,0,0,0,0,0
0,0,6,1,0,0,0,0,0
2,0,16,4,2,0,0,0,1
3,0,13,0,0,0,0,0,0
38,0,44,5,0,0,0,0,0
3,0,5,0,0,0,1,0,1
0,0,49,1,0,0,1,0,0
1,0,48,20,2,0,2,0,1
163,5,16,2,0,1,4,1,1
4,0,26,2,0,0,0,1,1
1,0,13,1,0,0,1,0,0
7,0,2,3,3,0,1,0,1
3,0,8,0,0,0,0,0,0
20,1,66,0,0,0,0,0,1
80,0,10,0,0,0,0,0,0
1,0,11,0,0,0,0,0,0
3,0,232,0,5,0,6,0,1
38,3,29,4,1,0,4,0,1
6,0,5,2,0,0,0,0,0
27,0,25,1,0,0,2,0,1
6,0,11,1,0,0,0,0,0
19,0,7,0,0,0,0,0,1
0,0,0,0,0,0,0,0,1
0,0,10,2,2,0,0,0,0
0,0,1,0,0,0,0,0,1
0,0,11,1,0,0,0,0,0
3,0,8,3,0,0,1,0,1
0,0,51,1,1,0,0,0,1
7,0,1,0,0,0,1,0,1
0,0,7,0,0,0,0,0,1
2,0,8,2,0,0,0,0,1
13,0,7,1,0,0,0,0,1
1,0,12,1,0,0,0,0,0
5,0,2,0,0,0,0,0,1
13,0,15,0,1,0,0,0,0
5,0,5,4,0,0,0,0,0
11,0,27,3,0,0,1,0,0
33,0,135,2,1,0,9,0,1
23,0,53,3,0,0,0,3,1
33,0,37,2,5,0,4,2,1
2,0,9,1,0,0,1,0,1
8,0,12,1,0,0,1,0,0
1,0,17,2,0,0,1,0,1
7,0,19,3,0,0,0,0,0
290,1,6,0,1,1,0,0,1
1,0,11,0,0,0,1,0,0
2,0,19,3,0,0,0,0,1
10,0,64,0,0,0,8,0,1
0,0,26,1,0,0,0,1,1
31,0,26,1,0,0,0,0,1
8,0,18,1,1,0,0,0,0
0,0,14,0,0,0,0,0,0
1,0,10,1,0,0,0,1,1
5,1,19,0,0,0,0,0,0
4,0,29,0,0,0,0,0,0
9,0,15,0,0,0,0,0,0
1,0,27,2,0,0,0,0,0
8,0,27,1,0,0,0,0,0
5,0,21,29,0,0,0,0,0
25,0,9,0,0,0,0,0,0
4,0,12,3,0,0,0,0,0
1,0,10,0,0,0,0,0,0
4,0,10,0,0,0,0,0,0
2,0,8,0,0,0,1,0,1
2,0,9,1,0,0,0,0,0
7,0,21,0,0,0,0,0,0
2,1,22,2,0,0,0,0,1
100,2,25,2,0,0,3,2,1
0,0,33,2,0,0,0,1,1
8,1,6,0,0,0,0,0,1
8,0,4,0,0,0,0,0,1
2,0,13,0,0,0,0,0,0
5,1,12,2,0,0,1,0,0
0,0,81,0,0,0,0,0,0
1,0,1,9,0,0,0,0,0
0,0,142,2,0,0,0,1,1
6,0,47,1,0,0,2,0,1
3,4,41,0,1,0,3,0,0
1,0,20,1,0,0,0,0,0
0,0,70,1,0,0,0,1,0
12,0,50,0,0,3,0,0,0
1,0,13,0,0,0,0,0,0
71,0,4,1,0,0,1,0,1
1,0,11,0,0,0,0,0,0
1,0,83,0,0,2,1,0,0
97,0,7,0,0,0,1,0,1
1,0,7,2,0,0,0,0,0
3,0,13,0,0,0,0,0,0
0,0,23,3,0,0,0,0,0
16,0,0,0,0,0,3,0,1
14,0,13,2,1,0,1,0,1
0,0,23,0,0,0,0,0,0
0,0,161,10,2,0,3,1,1
24,0,42,0,0,0,0,0,0
72,0,31,2,1,2,3,0,1
1,0,10,3,0,0,0,0,1
208,9,8,9,0,1,0,0,1
0,0,31,0,0,0,0,0,0
0,0,99,5,1,0,0,1,1
3,0,33,0,2,0,0,0,0
19,0,17,0,1,0,0,0,1
2,0,28,0,0,0,0,0,0
7,0,9,0,0,0,1,1,1
12,0,23,1,0,0,0,0,0
6,0,10,1,3,0,5,0,0
0,0,49,2,0,0,0,0,1
22,1,103,2,0,0,1,0,1
2,0,8,1,0,0,0,0,0
19,0,13,3,0,0,0,1,0
11,0,3,0,0,0,1,0,1
2,0,25,1,0,0,0,0,0
0,0,10,0,0,0,0,0,1
18,0,16,0,1,0,2,0,1
0,0,224,18,3,0,1,1,1
0,1,7,1,0,0,1,0,1
0,0,176,13,0,0,0,0,0
13,0,12,0,0,0,0,0,1
43,0,3,0,0,2,0,0,1
0,0,61,3,2,0,0,0,1
5,0,29,3,0,0,0,0,1
4,0,9,1,1,0,0,0,0
0,0,12,2,0,0,1,0,1
6,0,11,0,0,0,0,0,0
13,0,21,5,1,0,2,0,1
27,0,184,12,0,0,4,0,1
0,0,11,0,0,0,0,0,0
2,0,11,0,0,0,0,0,0
2,0,11,0,0,0,0,0,0
4,0,4,1,0,0,0,0,1
0,0,30,0,0,0,0,0,0
1,0,13,1,0,0,0,0,0
2,0,42,7,0,0,0,0,1
0,0,17,0,0,0,0,0,1
6,0,696,1,1,0,0,1,1
3,0,11,0,0,0,1,0,0
11,0,166,18,2,1,5,0,1
1,0,7,2,0,0,0,0,0
30,0,5,2,0,0,2,0,1
5,0,11,0,0,0,0,0,0
13,0,24,1,0,0,0,0,0
37,0,68,3,0,0,2,0,1
2,0,10,1,0,0,0,0,0
0,0,17,0,0,0,0,0,0
40,0,10,0,0,0,4,0,1
1,0,126,6,2,0,1,0,1
0,0,31,1,0,0,0,0,0
24,0,19,4,0,0,0,0,1
10,0,9,0,0,0,0,0,0
7,0,14,1,0,0,0,0,1
24,0,12,7,0,1,0,0,0
10,0,0,0,1,0,1,0,1
7,0,8,1,0,0,0,0,0
1,0,9,0,0,0,0,0,0
2,0,5,1,0,0,0,0,0
13,0,10,0,0,0,0,0,0
4,0,8,0,0,0,0,0,1
1,0,13,0,0,0,0,0,0
6,0,6,1,0,0,0,0,1
0,0,0,0,0,0,0,0,1
58,0,4,0,0,23,0,0,0
0,0,73,4,0,0,0,0,1
3,0,9,0,0,0,0,0,1
28,0,21,0,0,0,0,0,0
7,0,0,0,0,0,3,0,1
13,2,9,3,0,0,0,0,1
31,0,8,10,0,0,0,0,0
5,0,27,5,0,0,2,2,1
10,0,196,13,2,0,0,1,1
0,0,36,1,1,0,0,0,0
1,0,8,0,0,0,0,0,0
63,1,37,0,0,0,0,0,1
0,0,53,4,3,0,0,2,1
34,0,113,4,1,0,0,0,0
39,2,26,1,0,0,0,0,0
1,0,29,3,0,0,0,0,1
39,0,28,1,0,0,0,0,0
9,0,19,1,0,0,0,0,0
6,0,8,0,0,0,0,0,1
6,0,3,0,0,0,0,0,1
0,0,73,3,0,0,0,0,1
0,0,84,6,0,0,0,1,0
2,0,10,3,0,0,0,0,0
25,0,26,0,0,0,4,0,1
17,0,7,0,0,0,0,0,1
6,1,5,2,1,0,0,0,1
13,0,123,11,0,1,7,0,1
10,0,7,3,0,0,0,1,1
11,0,9,0,0,0,2,0,1
2,0,9,0,0,0,0,1,1
18,0,23,1,1,0,0,0,0
11,0,5,0,1,0,1,0,1
40,0,320,35,6,0,11,3,1
3,0,7,0,0,0,1,0,1
21,0,57,0,0,0,0,0,0
37,0,8,4,0,0,9,0,1
4,0,15,0,0,0,0,0,0
0,0,42,0,0,0,0,1,1
22,0,20,1,0,10,4,0,1
2,0,32,2,0,0,0,0,0
20,0,54,2,0,0,1,0,1
6,0,13,1,0,0,0,0,0
30,0,27,0,0,0,1,0,0
10,0,15,0,0,0,0,0,1
9,0,28,0,0,0,1,0,1
4,0,49,7,0,0,2,0,1
121,0,29,2,0,0,1,1,1
2,0,7,2,0,0,0,0,0
0,0,36,0,0,0,0,2,1
176,1,17,1,0,0,0,0,0
5,0,10,0,0,0,0,0,0
15,0,40,0,1,0,1,0,1
18,0,14,2,1,0,7,0,1
8,0,462,14,4,0,9,0,1
0,0,18,3,0,0,0,0,0
17,0,31,4,3,0,2,0,1
1,0,11,0,0,0,0,0,0
20,0,31,0,0,0,1,1,1
0,0,275,7,3,0,0,0,1
7,0,6,1,0,0,2,0,1
32,0,49,2,1,0,2,0,1
1,0,30,0,0,0,0,0,0
8,0,16,0,0,0,1,0,0
2,0,10,1,0,0,0,0,0
2,0,36,7,0,0,0,0,1
2,0,16,0,0,0,2,0,0
12,0,35,0,0,0,7,0,1
1,0,17,1,0,0,0,0,0
6,0,9,1,0,0,0,0,0
3,0,20,0,0,0,0,0,1
1,0,3,2,0,0,0,0,0
39,1,17,0,2,0,3,0,1
29,8,281,17,2,0,9,3,1
2,0,9,1,0,0,0,0,0
15,0,10,0,0,0,1,0,1
5,0,15,0,0,0,0,0,1
26,2,33,1,0,0,1,0,1
7,0,8,0,0,0,2,0,1
2,0,10,1,0,0,0,0,0
5,0,12,0,0,0,0,0,0
11,0,12,1,0,0,0,0,0
0,0,165,4,3,0,0,3,1
0,0,32,2,0,0,0,0,0
0,0,48,1,0,0,0,0,0
17,0,5,0,0,0,0,0,1
12,0,15,0,0,0,0,0,0
1,0,13,0,0,0,1,0,0
37,0,42,1,1,0,0,0,1
6,0,9,0,0,0,0,0,0
3,0,9,0,0,0,0,0,0
2,0,11,4,0,0,0,0,0
2,0,13,1,0,0,1,0,0
128,0,115,0,2,0,0,1,0
0,0,21,0,1,0,0,0,0
0,0,56,3,0,0,0,0,0
0,0,8,0,0,0,0,0,0
5,0,8,1,0,0,0,0,0
3,0,8,0,0,0,0,0,0
0,0,9,0,0,0,0,0,1
25,0,65,5,1,0,0,0,0
0,0,35,7,1,0,0,1,1
62,0,0,0,0,0,0,0,1
127,0,0,0,0,0,0,0,1
9,0,0,0,0,0,0,0,1
0,0,231,11,2,0,0,3,1
0,0,41,3,2,0,0,0,1
4,0,1,0,0,0,1,0,1
2,0,4,0,0,0,0,0,0
4,0,45,18,1,0,3,0,1
1,0,10,1,0,0,0,3,0
5,0,12,0,0,0,0,0,0
11,0,9,0,1,0,0,0,1
0,0,63,8,1,0,1,0,1
1,0,137,1,0,0,1,0,0
2,0,8,0,0,0,0,0,1
14,0,75,3,2,0,2,1,1
59,0,13,1,0,0,0,0,0
9,0,45,3,2,0,2,0,1
0,0,27,10,0,0,1,0,0
0,0,12,0,0,0,0,0,0
23,0,9,0,0,0,0,0,0
14,0,17,0,0,0,0,0,0
0,0,57,0,0,0,0,0,0
2,0,15,0,0,0,1,0,0
0,0,24,0,0,0,0,0,1
2,0,1,0,0,0,0,0,1
6,0,31,0,0,0,0,0,1
0,0,64,2,0,0,0,0,1
2,0,8,0,0,0,0,0,0
2,1,12,0,0,0,0,0,1
13,0,16,0,0,0,0,0,0
12,0,25,2,1,0,0,0,1
17,1,43,2,0,0,2,0,1
0,0,19,0,0,0,0,1,0
0,0,30,0,0,0,0,0,0
9,0,133,4,0,0,0,0,0
9,0,4,1,7,0,1,0,1
0,0,11,0,0,0,0,0,0
109,0,67,1,0,1,0,0,0
22,1,155,6,5,0,6,2,1
19,0,71,0,0,0,0,0,1
3,0,2,0,0,0,1,0,1
3,0,13,1,0,0,0,0,0
10,0,10,0,0,0,1,0,0
14,0,57,2,0,0,0,0,0
0,0,21,0,0,1,0,0,0
30,0,70,0,0,0,0,0,0
9,0,12,2,0,0,0,0,1
0,0,23,0,1,0,0,0,0
1,1,69,4,0,0,0,0,1
1,0,22,2,1,0,0,0,0
9,0,57,7,0,0,2,0,1
6,0,74,4,0,0,2,0,1
0,0,162,5,3,0,1,0,0
0,0,17,0,0,0,0,0,0
4,2,60,2,1,0,0,0,1
0,0,422,22,2,0,2,2,0
0,0,10,0,0,0,0,0,0
0,0,11,0,0,0,0,0,0
1,0,11,0,0,0,0,0,0
123,1,5,12,0,1,0,0,0
1,0,11,5,0,0,0,0,0
17,0,9,0,0,0,0,0,0
4,0,19,0,4,0,0,0,1
10,0,18,1,0,0,0,0,1
3,0,16,1,0,0,1,1,1
14,0,8,2,0,0,0,0,0
0,0,123,8,0,0,0,2,1
2,0,57,0,0,0,0,0,0
0,0,28,0,0,0,0,0,0
12,0,14,0,0,0,0,0,0
2,0,7,1,0,0,0,0,0
22,0,110,0,15,0,2,0,1
3,0,13,0,0,0,0,0,1
4,0,8,0,0,0,0,0,0
0,0,17,0,0,0,0,0,0
6,0,12,0,0,0,0,0,0
1,0,3,0,0,0,0,0,1
0,0,51,0,0,0,0,0,0
4,0,50,0,0,0,0,0,1
2,0,22,1,0,0,0,0,0
9,0,12,1,1,0,0,0,0
0,0,345,29,19,0,0,3,1
34,2,18,0,0,0,3,1,1
98,3,50,0,0,0,0,0,1
2,0,209,16,0,0,2,5,1
13,0,10,1,0,0,1,0,1
0,0,10,0,0,0,0,0,0
0,0,12,0,0,0,0,0,0
1,0,8,1,0,0,0,0,0
24,0,14,0,0,0,2,0,0
7,0,4,0,0,0,0,0,1
5,0,37,0,0,0,0,0,0
4,0,0,1,0,0,4,0,1
14,0,10,0,0,0,0,0,0
13,0,13,0,0,0,0,0,0
0,0,33,0,0,0,0,0,0
9,0,48,5,0,0,2,0,1
0,0,119,18,5,0,1,1,1
2,0,9,0,0,0,0,0,0
14,0,16,0,3,0,0,1,0
1,0,6,1,0,0,0,0,0
0,0,13,0,0,0,0,0,0
48,4,31,0,2,0,2,0,1
15,0,2,2,0,0,3,0,1
2,0,11,0,0,0,0,0,0
0,0,0,0,0,0,3,0,1
21,0,32,0,0,1,1,0,1
64,2,220,5,4,0,8,3,1
8,0,9,3,0,0,0,0,0
0,0,99,12,5,0,0,2,1
4,0,13,0,0,0,0,0,0
7,0,11,2,0,0,0,0,0
6,0,9,0,0,0,0,0,1
2,0,11,5,1,0,0,0,0
10,0,24,0,0,0,0,1,0
0,0,29,2,0,0,0,1,1
0,0,8,0,0,0,0,0,0
0,0,214,10,3,0,1,0,1
18,0,16,0,0,0,0,0,0
15,0,5,1,0,0,1,0,1
0,0,45,5,2,0,0,0,1
14,0,11,0,0,0,0,0,0
0,0,3,5,0,0,0,0,0
37,0,79,5,3,0,7,2,1
32,0,3,2,0,0,2,0,1
0,0,2,0,0,0,0,0,1
1,0,8,0,0,0,0,0,0
0,0,20,0,0,0,0,0,0
3,0,16,3,0,0,0,0,0
5,0,2,3,0,0,1,0,1
20,0,76,0,1,0,1,0,1
4,0,24,0,0,0,0,0,0
5,0,19,1,0,0,0,0,1
14,0,28,0,0,0,0,0,0
4,0,22,0,0,0,0,0,1
2,0,8,0,0,0,1,0,0
3,1,15,0,0,0,0,0,0
55,0,233,17,2,0,9,0,1
10,0,62,0,0,0,1,0,1
6,0,5,0,1,0,1,0,1
0,0,239,7,3,0,0,0,1
7,0,4,1,0,0,3,0,1
11,0,87,1,0,0,0,0,0
1,0,8,0,0,0,2,0,1
0,0,45,5,0,1,0,0,0
0,2,315,12,7,0,2,2,1
3,0,17,2,0,0,2,0,1
2,0,39,4,1,0,3,0,1
5,0,74,2,1,0,0,0,1
5,0,29,5,0,0,0,0,1
3,0,23,1,0,0,1,0,1
0,0,7,0,0,0,0,0,0
2,0,17,0,0,0,1,0,0
3,0,34,0,0,0,0,0,0
0,0,9,3,0,0,0,0,0
0,0,91,1,0,0,0,0,0
3,0,19,1,0,0,1,0,1
1,0,12,2,0,0,0,0,0
14,0,177,10,2,0,10,3,1
0,0,175,1,0,0,0,0,0
7,0,21,0,0,0,0,0,1
176,8,123,9,11,1,17,0,1
1,0,9,1,0,0,0,0,0
5,0,15,1,0,0,0,0,0
3,0,9,0,0,0,0,0,1
0,0,88,5,0,0,0,0,1
0,0,32,0,0,0,0,0,0
5,2,13,0,0,0,0,0,0
11,0,7,1,0,0,0,0,0
0,0,123,5,6,0,3,0,1
0,0,23,0,0,0,0,0,1
9,1,21,0,0,0,0,0,0
0,0,10,1,0,0,0,0,1
3,0,15,0,0,0,0,0,0
7,0,7,1,0,0,2,0,0
0,0,247,4,0,0,1,1,1
4,0,4,0,0,0,0,0,1
0,0,27,2,0,0,0,0,0
9,0,14,0,0,0,0,0,0
72,0,19,0,0,0,5,0,1
0,0,4,0,0,0,3,0,1
2,0,11,0,0,0,3,0,1
0,0,13,0,0,0,0,0,1
623,3,5,6,0,0,2,0,0
4,0,13,1,0,0,0,0,0
4,0,89,1,0,0,2,0,1
1,0,12,0,0,0,0,0,0
3,0,156,7,3,0,2,0,1
2,0,13,3,1,0,0,0,0
76,0,12,0,0,0,0,0,0
52,0,49,1,0,0,0,0,1
0,0,76,1,0,0,2,0,1
4,0,23,0,0,0,0,0,0
0,0,158,8,2,0,2,0,1
36,0,69,7,3,0,1,0,1
3,0,10,0,0,0,6,0,1
3,0,6,2,0,0,0,0,0
1,0,12,1,0,0,0,0,1
6,0,47,0,0,0,2,0,1
24,0,123,8,2,0,6,0,1
8,0,195,5,4,0,0,0,1
5,0,22,0,0,0,0,0,0
2,0,6,1,0,0,0,0,0
6,0,60,6,0,0,0,0,0
2,0,9,3,0,0,0,0,0
1,0,43,2,0,0,0,0,0
4,0,12,0,1,0,1,0,0
25,0,59,1,0,0,1,0,1
21,0,12,0,0,0,0,0,0
0,0,8,1,0,0,1,0,0
0,0,449,22,6,0,3,1,1
3,0,20,5,0,0,0,0,1
1,0,9,1,0,0,0,0,0
1,0,4,0,0,0,0,0,1
2,0,17,0,0,0,0,0,0
1,0,5,0,0,0,0,0,0
17,0,17,0,0,0,0,0,0
7,0,9,1,0,0,0,0,0
6,0,14,1,0,0,0,0,1
7,0,148,0,0,0,0,0,0
0,0,13,0,0,0,0,0,0
16,0,10,0,0,0,1,0,1
103,0,14,0,1,0,0,0,0
0,0,5,0,0,0,0,0,1
2,0,5,1,1,0,0,0,1
6,0,15,1,0,0,0,0,0
0,0,19,0,0,0,0,0,0
4,0,8,0,0,0,3,0,1
0,0,38,3,0,0,0,0,1
4,0,7,1,0,0,1,0,0
95,0,19,0,2,0,0,0,1
18,0,0,0,0,0,0,0,1
0,0,19,0,1,0,1,0,0
0,0,29,5,3,0,2,1,0
1,0,8,0,0,0,0,0,0
0,0,4,1,0,0,0,0,1
11,0,27,1,1,0,0,0,1
7,0,8,0,0,0,0,0,0
0,0,14,0,1,0,0,0,1
3,0,18,0,0,0,0,0,0
0,0,10,1,0,0,0,0,1
37,0,7,0,0,0,4,0,1
6,0,38,2,0,0,0,1,1
0,0,11,0,0,0,0,0,0
0,0,53,3,3,0,0,0,1
1,0,11,0,0,0,0,0,0
0,0,12,0,0,0,0,0,0
0,0,49,2,0,0,0,0,0
30,1,39,0,1,0,0,0,0
15,0,19,0,2,0,0,0,0
4,0,41,4,1,6,4,0,1
14,0,8,0,0,0,0,1,0
2,1,23,1,0,0,5,1,1
0,0,38,2,3,0,0,0,1
8,0,9,0,0,0,1,0,0
5,0,56,8,0,0,0,0,1
18,0,0,0,0,0,0,0,1
1,0,16,0,0,0,0,0,0
0,0,30,3,1,0,0,0,1
6,0,13,0,0,0,7,0,1
1,1,14,0,0,0,0,0,0
12,0,169,5,0,0,0,0,1
0,0,1470,42,6,0,9,7,1
154,4,92,1,1,0,2,0,1
0,0,4,2,0,0,1,0,1
0,0,131,8,2,0,0,1,0
3,0,16,0,0,0,0,0,0
2,0,15,0,0,0,0,0,1
8,0,13,0,0,0,0,0,0
3,0,10,0,0,0,0,1,0
0,0,18,2,0,0,0,0,0
21,0,126,6,0,0,4,0,1
1,0,9,2,0,0,0,0,0
0,0,42,5,0,0,1,0,0
78,0,30,2,0,1,0,0,0
0,0,10,0,0,0,0,0,0
0,0,89,4,2,0,1,0,1
13,0,0,0,0,0,0,0,0
37,1,133,2,2,0,1,0,1
505,1,11,0,0,0,0,0,0
0,0,0,0,0,0,0,0,1
0,0,18,0,0,0,0,0,0
0,0,50,3,0,0,0,0,1
1,0,12,2,0,0,0,0,0
7,0,1,0,0,1,8,0,1
243,2,24,0,0,0,3,0,1
0,0,16,0,0,0,0,0,0
4,0,8,2,0,0,0,1,0
0,0,0,0,0,0,0,0,1
1,0,362,26,10,0,5,1,1
2,0,3,1,0,0,1,0,1
25,0,279,14,0,0,5,4,1
1,0,7,0,0,0,0,0,1
2,0,3,0,2,0,4,0,1
4,0,7,1,0,0,0,1,0
0,0,8,0,0,0,0,0,0
205,3,4,1,0,0,5,0,1
0,0,31,1,0,0,0,0,0
1,0,7,0,0,0,0,0,0
13,0,42,1,0,0,0,0,0
7,0,91,7,1,0,0,0,0
23,0,22,0,0,0,0,0,0
3,0,16,6,0,0,4,0,1
4,0,0,0,15,0,0,0,0
1,0,0,1,0,0,0,0,1
0,0,11,1,0,0,0,0,1
7,0,17,2,0,0,2,0,1
4,0,6,0,0,0,0,0,1
10,0,21,0,0,0,0,0,0
1,0,13,0,0,0,0,0,0
38,0,57,10,0,0,3,0,1
1,0,20,0,0,0,0,0,0
0,0,79,2,1,0,0,1,1
116,0,15,0,0,0,0,0,0
0,0,19,0,4,0,0,0,0
72,3,68,2,1,0,1,0,1
0,0,24,0,1,0,5,0,1
13,0,37,1,0,0,1,0,1
1,0,13,2,0,0,0,0,0
1,0,10,0,0,0,0,0,0
9,1,6,0,0,0,0,0,1
1,0,6,2,0,0,0,0,0
0,0,61,1,0,0,1,0,1
6,0,17,3,0,0,0,0,1
0,0,72,4,0,0,0,0,1
2,0,48,2,0,0,1,0,1
1,0,8,3,0,0,0,0,1
0,0,47,0,0,0,0,0,1
1,0,16,0,0,0,0,0,0
0,0,14,0,0,0,0,0,0
0,0,12,0,0,0,0,0,0
0,0,17,1,0,0,0,0,0
1,0,16,2,0,0,0,0,0
0,0,22,1,1,0,0,0,0
56,0,20,1,0,0,0,0,0
3,0,8,0,0,0,1,0,1
0,0,25,0,0,0,0,0,0
2,2,335,20,9,0,10,4,1
0,0,124,0,0,0,0,0,1
15,1,44,0,1,0,1,0,0
1,0,10,1,0,0,0,0,0
678,17,70,6,4,3,14,0,1
0,0,13,0,1,0,0,0,1
0,0,6,0,0,0,0,0,1
0,0,236,8,0,0,1,0,1
11,0,7,2,0,0,0,1,0
13,0,20,0,0,0,0,0,0
6,0,23,0,0,0,0,0,0
0,0,3,3,0,0,2,0,1
14,0,0,0,0,0,0,0,1
2,0,234,7,2,0,4,3,1
0,0,86,6,2,0,0,0,1
0,0,61,5,0,0,0,0,1
6,0,51,0,0,0,0,0,0
4,0,23,6,0,0,4,0,1
30,0,63,1,0,0,1,0,1
6,0,18,0,0,0,0,0,0
6,0,5,0,0,0,1,0,1
4,0,330,16,1,0,1,3,1
112,0,24,4,0,0,0,0,0
0,0,204,2,1,0,0,0,1
0,0,9,0,0,0,0,0,0
0,0,67,0,0,0,0,0,1
6,0,14,2,0,0,0,0,0
4,0,88,2,0,0,0,0,1
0,0,166,0,0,0,0,0,0
0,0,9,0,0,0,0,0,0
1,0,24,0,0,0,1,0,1
0,0,115,2,3,0,0,0,1
3,0,8,0,0,0,0,0,0
3,0,16,1,0,0,0,0,0
7,0,5,3,0,0,0,0,0
0,0,29,1,0,1,0,0,0
1,0,8,0,0,0,1,0,0
8,0,6,1,0,0,1,0,1
1,0,10,0,0,0,0,0,0
3,0,11,1,0,0,0,0,0
12,0,80,12,1,0,0,0,0
1,0,66,9,3,0,0,0,1
3,0,338,20,1,0,0,0,1
3,0,4,4,0,0,0,0,0
0,0,32,0,0,0,1,0,1
29,1,190,20,23,0,19,2,1
2,0,16,0,0,0,0,1,0
7,0,156,6,1,0,10,0,1
3,1,11,1,0,0,0,0,0
0,0,18,0,1,0,0,0,0
0,0,37,2,0,0,0,0,1
3,0,163,3,1,0,0,0,1
2,0,6,2,0,0,1,0,1
20,0,50,0,0,0,0,1,0
8,0,13,0,0,0,0,0,0
30,1,32,0,0,0,1,0,1
0,0,82,2,0,0,0,3,1
0,0,46,1,0,0,0,0,0
1,0,5,6,0,0,0,0,0
14,0,5,0,0,0,0,0,1
0,0,8,0,0,0,0,0,0
0,0,79,3,2,0,0,0,1
1,1,9,0,0,0,0,0,0
0,0,14,1,0,0,0,0,0
4,0,18,0,1,0,0,0,1
1,0,13,0,0,0,0,0,0
0,0,8,2,0,0,0,0,1
2,0,17,2,0,4,0,0,0
2,0,1,0,0,0,1,0,1
16,0,50,2,0,0,0,0,1
125,1,16,1,0,0,1,0,1
0,0,70,1,3,0,2,0,1
0,0,90,6,2,0,0,0,1
3,0,14,0,0,0,0,0,0
0,0,14,0,0,0,0,0,0
0,0,117,3,0,0,0,0,0
2,0,8,1,0,0,0,0,0
1,0,10,2,0,0,0,0,0
5,0,5,0,0,0,2,0,1
0,1,9,2,2,0,1,0,1
8,0,31,0,0,0,0,0,1
1,0,0,1,0,0,0,0,0
81,1,45,3,0,1,0,0,0
0,0,16,0,0,0,0,0,1
6,2,24,0,0,0,3,1,1
2,0,6,0,0,0,0,0,1
0,0,13,0,0,0,0,0,0
26,0,10,0,0,0,0,0,0
5,0,12,2,0,0,0,0,0
2,0,3,3,0,0,0,0,0
2,0,8,0,0,0,0,0,0
4,0,15,0,0,0,0,0,0
1,0,73,3,0,0,0,0,0
0,0,29,2,1,0,4,1,1
8,0,15,0,0,0,0,0,0
0,0,31,1,1,0,1,0,1
5,0,83,5,0,0,0,0,0
2,0,30,0,0,0,0,0,0
4,0,10,0,0,0,0,0,0
9,2,18,0,4,0,0,0,0
5,0,15,1,0,0,0,0,0
23,0,6,3,0,1,1,0,1
25,0,107,5,0,1,6,0,1
1,0,25,2,0,0,0,0,1
1,0,97,2,0,0,3,0,1
4,0,6,1,1,0,0,0,1
0,0,11,0,0,0,0,0,0
0,0,70,16,3,0,1,1,1
8,0,12,2,0,0,0,0,1
11,0,22,0,0,0,0,0,0
0,0,17,0,0,0,0,0,0
0,0,34,7,1,0,0,0,0
1,0,17,2,1,0,0,0,0
0,0,284,7,8,0,3,3,1
3,0,9,0,0,0,0,0,0
0,0,23,1,0,0,2,0,1
127,2,0,0,0,0,2,0,1
0,0,316,9,3,0,5,0,1
2,0,8,0,0,0,0,0,0
2,0,29,1,0,0,4,1,1
1,0,10,0,0,0,0,1,0
1,0,12,0,0,0,0,0,0
0,0,24,1,0,0,0,0,0
0,0,38,0,0,0,0,1,0
1,0,20,0,0,0,0,0,0
7,0,18,3,0,0,0,0,1
0,0,31,1,1,0,0,1,0
7,0,123,11,2,0,1,0,1
1,0,19,2,0,0,0,0,0
2,0,47,1,0,0,1,0,1
1,1,171,21,0,0,1,0,1
1,0,49,1,0,0,0,0,0
204,0,16,1,0,0,4,1,1
35,0,5,2,0,0,0,0,0
0,0,13,0,0,0,0,0,1
0,0,61,16,0,0,4,0,1
5,0,23,5,0,0,0,0,1
1,0,50,1,0,0,0,0,0
1,0,7,0,0,0,0,0,0
2,0,13,4,0,0,0,0,0
0,0,60,1,1,0,0,0,0
4,0,11,0,0,0,0,0,1
6,0,10,0,0,0,0,0,0
2,0,34,5,1,0,0,0,0
0,0,0,0,0,0,0,0,1
0,1,16,1,0,0,0,1,0
76,1,0,0,0,0,1,0,1
0,0,37,1,0,0,0,0,0
58,1,95,0,0,0,1,0,1
25,0,100,3,0,0,3,0,1
7,1,91,1,0,0,0,0,1
2,0,116,4,1,0,0,0,1
15,0,26,0,0,0,0,0,0
63,4,88,3,9,0,2,1,1
6,0,219,4,3,0,0,0,1
0,0,41,1,0,0,0,0,0
0,0,90,4,0,0,0,0,1
2,0,20,0,0,0,3,0,1
1,0,111,6,2,0,3,0,1
0,1,197,3,3,0,3,0,1
0,1,21,1,0,0,0,0,1
1,0,55,1,0,0,2,0,1
4,0,1,0,0,0,1,0,1
0,0,126,0,0,0,0,2,0
69,0,7,1,0,1,0,0,1
2,0,52,0,0,0,0,0,0
4,0,409,3,5,0,1,0,1
0,0,75,1,0,0,0,0,0
17,0,13,1,0,0,0,0,0
189,2,0,0,0,0,0,0,1
3,0,9,0,0,0,0,0,1
1,0,6,1,0,0,0,0,1
1,0,24,0,0,0,0,0,0
1,0,14,1,0,0,1,0,0
1,0,13,1,0,0,0,0,0
0,0,273,3,0,0,1,0,1
26,0,1,0,0,0,0,0,0
7,0,37,0,0,0,1,0,0
0,0,10,0,0,0,0,0,0
9,1,38,3,1,1,0,0,0
5,2,76,3,6,0,4,3,1
1,0,8,1,0,0,0,0,0
11,0,5,2,0,0,1,0,0
25,1,27,29,0,0,0,0,1
106,0,4,1,16,0,3,0,1
1,0,6,0,0,0,1,0,1
0,0,7,1,0,0,0,0,0
3,0,49,0,0,0,0,0,1
0,0,19,0,0,0,0,0,0
4,0,14,1,0,0,0,0,0
0,0,11,0,0,0,0,0,0
0,0,6,2,1,0,0,0,1
1,0,8,0,0,0,0,0,0
0,0,22,0,0,0,0,0,0
0,0,40,3,0,0,0,0,1
9,0,15,0,0,0,0,0,0
74,0,30,6,3,0,0,0,1
37,0,26,1,1,0,0,0,0
0,0,19,1,1,0,1,0,0
104,0,20,7,0,0,0,0,0
0,0,10,0,0,0,0,0,0
0,0,36,1,0,0,0,0,0
7,0,12,0,0,0,1,0,0
0,0,663,37,21,0,6,1,1
12,0,4,0,0,0,0,0,1
1,0,24,2,0,0,1,0,1
0,0,93,0,0,0,0,0,1
1,0,59,1,0,0,0,0,1
7,0,19,0,0,0,1,0,1
0,0,9,2,0,0,0,0,0
19,1,20,1,0,0,0,0,0
1,0,10,0,0,0,0,0,0
0,0,11,0,0,0,0,0,0
0,0,103,7,1,0,1,1,1
1,0,21,0,0,0,0,0,1
0,0,8,1,0,0,0,0,0
27,0,18,4,1,2,1,0,1
36,0,13,3,0,0,0,0,0
0,0,14,2,1,0,1,0,0
16,3,13,1,0,0,0,0,0
0,0,10,2,1,0,0,0,0
2,0,9,0,0,0,0,0,0
0,0,9,5,0,0,2,0,1
0,0,9,4,0,0,0,0,0
0,0,3,0,0,0,2,0,1
4,0,10,0,0,0,0,0,0
27,1,206,4,1,0,3,0,1
6,0,15,6,0,0,4,0,1
2,0,10,0,0,0,1,0,1
1,0,7,1,0,0,0,0,1
0,0,15,0,1,0,0,0,1
0,0,23,1,0,0,0,0,0
0,0,67,4,1,0,0,0,1
2,0,17,0,0,0,0,0,1
1,0,28,0,0,0,0,0,0
13,0,9,2,1,0,1,0,1
0,0,46,1,0,0,0,0,0
0,0,23,0,0,0,0,0,0
1,0,10,0,2,0,0,0,0
3,0,12,0,0,0,0,0,0
16,0,20,3,0,0,0,0,1
2,0,71,3,0,0,1,0,1
4,0,2,0,0,0,4,0,1
0,0,13,0,0,0,0,0,1
0,0,10,0,0,0,0,0,1
2,0,89,0,0,0,0,0,0
0,0,7,0,0,0,0,0,1
0,0,9,0,0,0,0,0,0
3,0,4,2,0,0,0,0,1
0,0,16,0,0,0,0,0,0
0,0,12,0,0,0,0,0,0
0,0,46,2,1,0,0,0,1
16,0,8,16,4,0,2,1,1
3,0,6,2,0,0,0,0,0
4,0,116,1,1,0,1,0,0
0,0,16,1,0,0,0,0,0
0,0,20,0,1,0,0,0,1
16,0,11,1,0,0,0,0,0
38,0,10,0,0,0,1,0,0
1,0,25,0,3,0,0,0,1
0,0,9,0,0,0,0,0,0
4,0,42,0,0,0,1,0,0
4,0,10,2,0,0,0,1,1
0,0,7,1,0,1,0,0,1
4,0,20,3,0,0,0,0,0
10,0,24,0,0,0,0,0,0
0,0,7,1,0,0,0,0,1
3,0,6,0,0,0,1,0,1
1,0,4,0,0,0,1,0,1
3,0,20,0,0,0,0,0,0
2,0,6,0,0,0,0,0,1
0,0,16,0,0,0,0,0,0
0,0,0,0,0,0,0,0,1
4,0,29,1,1,0,0,0,1
0,0,37,18,0,0,0,0,0
0,0,157,1,2,0,2,1,1
0,0,66,1,0,0,0,0,1
1,0,7,1,0,0,1,0,1
0,1,41,0,0,0,0,0,0
1,0,13,0,0,0,0,1,0
3,0,11,0,0,0,0,0,0
0,0,114,2,2,0,0,1,1
0,0,23,0,0,0,0,0,0
108,0,14,0,0,0,0,0,0
0,0,51,3,2,0,3,0,1
0,0,46,1,0,0,0,0,0
2,0,29,1,0,0,1,0,1
1,1,17,0,0,0,1,0,0
7,0,52,5,0,0,2,1,1
0,0,36,1,0,0,0,0,1
1,0,10,1,0,0,0,0,1
0,0,232,4,1,0,1,0,1
0,0,22,0,0,0,0,0,1
1,0,11,0,0,0,1,0,0
22,0,6,0,0,0,1,2,1
1,0,7,2,2,0,0,0,0
0,1,5,1,0,0,2,0,1
1,0,5,1,0,0,0,0,1
1,0,7,0,0,0,0,0,1
2,0,28,0,0,0,0,0,0
0,0,4,6,1,0,0,0,0
2,1,47,0,0,0,0,0,0
26,0,0,0,0,0,0,0,1
25,0,51,0,0,0,0,0,1
0,0,14,0,0,0,0,0,0
0,0,17,2,1,0,0,0,0
1,0,15,2,0,0,0,1,0
0,0,27,2,0,0,0,0,1
1,0,14,0,0,0,0,0,0
0,0,23,1,0,0,2,0,1
6,1,11,0,0,0,0,0,1
1,0,36,1,0,0,1,0,1
0,0,34,2,0,0,0,0,1
2,0,13,0,0,0,6,0,1
5,0,25,1,0,0,3,0,1
5,0,90,4,2,0,0,2,1
1,0,0,0,0,0,0,0,1
0,0,30,1,0,0,0,0,1
0,0,7,1,0,0,0,0,1
0,0,59,0,0,0,0,0,0
43,0,27,1,0,0,0,0,0
36,0,12,0,0,0,0,0,0
2,0,14,0,0,0,0,0,1
4,0,21,1,0,0,0,0,0
3,0,0,0,0,0,0,0,1
3,0,4,0,0,0,2,0,1
0,0,15,12,0,0,0,0,0
0,0,5,0,0,0,3,0,1
196,6,46,3,2,4,3,0,1
25,0,20,0,0,0,3,0,1
80,0,14,2,0,0,2,0,0
28,0,10,0,0,0,0,0,0
0,2,9,0,0,0,0,0,1
0,0,6,2,0,0,0,1,1
0,0,17,0,0,0,0,0,0
4,0,7,0,0,0,0,1,0
6,0,13,0,0,0,0,1,0
0,0,7,0,0,0,0,0,1
2,0,14,0,0,0,0,0,0
2,0,17,0,0,0,0,0,0
1,0,19,0,0,0,0,0,0
3,0,0,0,0,0,0,0,1
1,0,13,1,0,0,0,0,0
0,0,153,2,2,0,0,0,0
0,0,65,2,1,0,1,0,1
2,0,2,0,0,0,0,0,0
99,1,50,0,0,0,0,0,0
3,0,30,0,0,0,1,0,1
0,0,10,0,0,0,0,0,0
3,0,9,0,0,0,0,0,1
0,0,102,1,2,0,0,0,0
6,0,0,0,0,0,2,0,1
148,0,10,0,0,0,3,0,1
0,0,118,3,9,0,0,0,1
0,0,145,4,0,0,0,0,0
0,0,51,1,0,0,0,0,1
0,0,92,3,1,0,0,1,1
1,0,15,2,0,0,0,0,0
36,0,6,0,0,0,0,0,1
0,0,12,0,1,0,1,0,0
1,0,17,0,0,0,1,0,1
3,0,38,2,0,0,1,0,1
0,0,9,0,0,0,0,0,0
0,0,18,0,0,0,0,0,0
0,0,21,1,0,0,0,0,0
1,0,9,0,0,0,0,1,0
1,0,41,2,1,0,2,0,1
2,0,31,1,0,0,0,0,1
0,0,31,0,0,0,0,0,0
7,0,17,1,2,0,6,0,1
4,0,5,0,0,0,1,0,1
1,0,4,4,0,0,0,0,1
0,0,729,9,5,0,14,2,1
0,0,93,5,0,0,0,1,0
0,0,41,0,0,0,0,0,1
0,0,224,9,1,0,0,0,0
0,0,97,1,1,0,0,0,1
4,0,522,7,10,0,1,2,1
1,0,6,0,0,0,0,0,1
61,0,6,1,0,1,0,0,0
0,0,0,0,0,0,0,0,1
0,0,18,3,0,0,0,0,0
0,0,20,0,0,0,0,0,0
3,0,14,0,0,0,0,0,0
0,0,74,1,0,0,1,0,1
13,2,164,8,5,2,13,4,1
1,0,9,0,0,0,0,0,0
0,0,0,14,0,0,0,0,0
0,0,22,0,1,0,0,0,0
0,0,268,3,0,0,0,0,1
0,0,11,0,0,0,0,0,0
1,0,30,0,0,0,0,0,0
0,1,6,1,0,0,2,0,1
0,0,13,0,0,0,0,0,0
0,0,47,0,0,0,0,0,0
0,0,17,1,0,0,1,0,1
0,0,3,0,0,0,1,0,1
0,0,0,0,0,0,1,0,1
0,0,31,0,0,0,0,0,0
0,0,60,3,0,2,2,0,1
0,4,41,2,0,0,1,0,1
0,0,6,2,0,0,1,0,1
0,0,10,0,0,0,0,0,0
0,0,16,0,0,0,0,0,1
0,0,28,0,0,0,0,0,0
4,0,7,0,0,0,0,0,0
0,0,14,2,0,0,2,0,1
22,0,42,1,0,0,0,0,1
142,2,28,0,0,0,0,0,0
0,0,22,3,1,0,0,0,0
0,0,14,0,0,0,0,0,0
0,0,46,0,0,0,0,0,0
22,0,12,0,0,0,0,0,0
0,0,11,0,0,0,0,0,0
309,5,143,0,10,0,5,0,1
0,0,11,0,0,0,0,0,0
0,0,13,0,0,0,0,0,0
0,0,131,0,0,0,0,0,0
1,0,16,1,3,0,0,0,0
2,0,1,0,0,0,0,0,1
20,0,7,1,0,0,0,0,0
3,0,46,2,0,0,0,0,1
0,0,5,2,1,0,0,0,1
1,0,34,0,3,2,2,1,1
0,0,14,0,0,0,0,0,0
0,0,26,1,1,0,1,0,1
0,0,267,4,6,0,0,0,0
1,2,8,0,0,0,1,0,1
0,0,13,2,0,0,0,0,0
0,0,90,0,0,0,0,1,1
0,0,13,1,0,0,0,0,0
0,0,89,1,1,0,0,0,0
1,0,1,0,0,0,5,0,1
3,1,178,1,2,0,0,0,0
0,0,3,0,0,0,0,0,1
3,0,14,0,0,0,0,0,0
0,0,8,0,0,0,0,0,0
0,0,25,1,2,0,1,0,1
0,0,11,0,0,0,0,0,0
25,0,43,4,1,0,0,1,1
0,0,13,1,1,0,0,0,0
0,0,20,2,0,0,0,1,1
4,1,562,8,6,0,4,0,1
0,0,59,2,1,0,0,0,1
1,0,9,0,0,0,0,0,1
0,0,8,0,0,0,0,0,0
4,0,132,14,4,0,1,0,1
1,0,0,0,0,0,0,0,1
92,1,19,0,0,0,1,0,0
0,0,52,1,1,0,0,0,1
0,0,4,0,0,0,0,0,1
4,0,114,2,4,0,0,0,1
0,0,28,2,0,0,4,0,1
0,0,0,1,0,0,0,0,1
0,0,188,2,3,0,0,0,1
0,0,14,2,0,0,0,0,0
0,0,50,0,1,0,0,0,1
0,0,27,0,2,0,0,0,1
1,0,11,0,0,0,0,0,1
0,0,27,0,1,0,0,0,1
1,0,12,1,0,0,0,0,1
0,0,43,3,0,0,0,0,1
0,0,42,0,0,0,0,0,1
0,0,13,1,0,0,0,0,0
1,0,14,2,0,0,0,0,0
1,0,80,1,0,0,0,0,0
0,0,281,3,1,0,0,0,1
26,0,30,0,0,0,3,0,1
0,0,14,0,0,0,0,0,0
1,0,9,1,0,0,0,0,0
7,2,170,1,2,0,2,0,0
0,0,84,2,1,0,0,0,0
0,0,47,4,0,0,0,1,0
0,0,174,11,2,0,0,1,1
0,0,11,0,0,0,0,0,0
0,0,5,0,0,0,1,0,1
1,0,70,0,0,0,0,0,0
0,0,32,1,0,0,0,0,0
0,0,97,0,0,0,0,0,0
0,0,25,2,0,0,0,0,0
27,0,6,0,0,0,0,1,1
0,0,35,4,0,0,0,0,0
0,0,1,2,0,0,0,0,1
0,0,21,0,0,0,0,0,0
0,0,8,1,0,0,0,0,1
0,0,12,0,0,0,0,0,0
2,0,14,4,2,0,3,0,1
0,0,166,0,0,0,0,0,0
0,0,29,1,0,0,0,0,0
0,0,14,2,0,0,0,0,0
0,0,22,3,0,0,0,0,0
1,0,12,0,0,0,0,0,1
227,6,22,0,0,1,2,0,0
0,0,54,0,3,0,3,0,1
0,0,12,0,0,0,0,0,1
0,0,13,0,0,0,1,0,1
1,0,19,0,1,0,0,0,1
0,0,7,0,0,0,1,0,1
15,0,10,0,0,0,0,0,0
21,0,13,0,1,0,0,0,0
1,3,19,0,0,0,0,0,1
0,0,14,0,0,0,0,0,0
1,0,309,44,1,0,0,0,1
0,0,31,0,0,0,0,0,0
0,0,17,3,0,0,0,0,0
0,0,12,0,0,0,0,0,1
0,0,71,0,1,0,0,0,0
0,0,10,2,0,0,1,0,1
0,0,14,0,0,0,0,0,0
0,0,24,0,1,0,0,0,0
0,0,9,0,0,0,0,0,0
23,0,7,1,0,1,0,0,1
0,0,10,0,0,0,0,0,0
0,0,36,0,0,0,0,0,0
101,2,291,19,4,0,5,0,1
1,0,8,0,0,0,0,0,0
0,0,10,0,0,0,0,0,0
0,0,7,0,0,0,0,0,0
11,1,21,3,0,0,0,0,0
24,0,11,0,0,0,0,0,0
0,0,10,1,0,0,0,0,0
0,0,36,2,0,0,0,0,1
76,0,16,0,0,1,1,0,0
0,0,19,0,0,0,0,0,1
0,0,2,0,0,0,1,0,1
0,0,6,0,0,69,0,0,0
0,0,39,0,0,1,1,0,0
1,0,9,0,0,0,0,0,0
0,0,0,0,0,0,3,0,1
1,0,8,1,0,0,0,0,1
0,0,29,2,0,0,1,0,0
0,0,41,1,2,0,0,0,1
0,0,18,0,0,0,0,0,0
0,0,15,1,0,0,0,0,0
0,0,13,0,0,0,0,0,0
1,0,9,0,0,0,0,0,0
0,0,17,0,0,0,0,0,0
0,0,6,0,0,0,0,0,1
0,0,16,0,0,0,0,0,0
39,1,8,4,0,0,0,0,0
0,0,203,7,4,0,2,1,1
2,0,16,2,0,0,0,0,0
0,0,12,0,1,0,0,0,0
1,0,11,0,0,0,0,0,0
0,0,154,2,1,0,0,0,0
0,0,10,1,0,0,0,0,0
104,0,15,2,2,1,3,2,0
0,0,26,1,0,0,0,0,0
0,0,16,1,0,0,0,0,0
1,2,14,0,0,0,0,0,0
0,1,63,0,0,0,0,0,0
0,0,19,0,0,0,0,0,0
1,0,8,0,0,0,1,0,1
0,0,9,2,1,0,0,0,0
0,0,36,1,0,0,0,0,0
0,0,418,22,7,0,9,2,1
1,0,9,0,0,0,0,0,0
0,0,14,1,0,0,0,0,0
31,0,100,8,0,0,0,0,1
0,0,40,2,0,0,1,0,1
0,0,80,1,0,0,0,0,0
0,0,22,0,0,0,0,0,0
0,0,11,0,0,0,0,0,0
91,1,107,13,2,0,1,1,1
0,0,130,18,3,0,1,0,1
13,0,10,0,0,0,1,0,0
0,0,34,0,0,0,0,0,0
0,0,4,0,0,0,1,0,1
0,0,28,0,0,0,0,0,1
0,0,25,0,0,0,0,0,0
0,0,20,0,0,0,1,0,1
0,0,79,5,1,0,0,0,1
0,0,42,0,1,0,0,0,1
3,0,192,13,5,0,0,4,1
0,0,9,0,0,0,0,0,0
0,0,6,0,0,0,0,0,1
1,0,12,0,0,0,0,0,0
0,2,41,0,0,0,0,1,1
0,0,13,0,0,0,0,0,0
0,0,8,0,0,0,1,1,1
0,0,11,0,0,0,0,0,0
0,0,19,0,0,0,1,0,1
2,2,323,27,0,0,1,0,1
0,0,392,7,0,0,0,0,1
0,0,11,0,0,0,1,0,0
0,0,13,0,0,0,0,0,1
0,0,5,2,0,0,0,0,1
0,0,81,0,0,0,0,0,0
0,0,563,20,1,0,1,0,1
0,0,9,0,0,0,0,0,0
0,0,25,0,0,0,0,0,0
9,1,251,14,0,0,5,0,1
3,1,8,0,0,0,0,0,1
33,2,6,1,0,0,0,0,0
0,0,21,0,0,0,0,0,0
21,0,10,1,0,0,0,0,0
2,0,51,0,0,0,0,0,0
15,0,120,3,2,0,2,0,1
0,0,20,1,0,0,0,0,0
0,0,8,3,0,0,0,1,0
0,0,126,2,2,0,1,1,1
0,0,16,0,0,0,0,0,0
0,0,18,0,0,0,0,0,0
0,0,24,1,0,0,0,0,1
0,0,20,0,0,0,6,1,1
0,0,13,0,0,0,0,0,0
0,0,15,0,0,0,0,0,0
0,0,83,1,1,0,0,0,1
0,0,14,0,0,0,0,0,0
0,0,13,0,0,0,0,0,0
0,0,7,0,0,0,1,0,1
0,0,15,0,0,0,0,0,1
0,0,90,4,0,0,1,0,1
0,0,16,1,0,0,0,1,1
0,0,17,0,3,0,0,0,1
0,0,94,2,1,0,0,0,1
0,0,8,0,0,0,0,0,0
0,0,11,1,0,0,0,1,0
0,0,43,0,0,0,0,1,0
0,0,178,0,4,0,0,4,0
68,0,10,1,0,0,0,0,0
0,0,30,1,0,0,0,0,1
0,0,12,0,1,0,1,0,1
0,0,127,15,2,0,1,0,1
0,0,14,0,0,0,0,0,0
0,0,14,1,0,0,0,0,0
0,0,10,1,0,0,0,0,1
0,0,26,9,0,0,6,0,1
0,0,9,0,0,0,0,0,0
37,0,30,5,0,0,0,0,0
0,0,513,14,10,0,0,2,1
0,0,11,0,1,0,0,0,0
0,0,15,2,0,0,0,0,0
0,0,52,2,1,0,0,0,1
0,0,25,4,1,0,0,1,0
0,0,214,15,0,1,13,1,1
0,0,56,1,0,0,1,0,1
0,0,2,1,0,0,2,0,1
859,30,21,0,1,0,1,0,1
69,3,77,1,1,0,5,1,1
0,0,1,0,0,0,1,0,1
0,0,37,0,0,0,0,0,0
0,0,15,0,0,0,0,0,0
0,0,39,0,0,0,0,0,1
0,0,34,1,0,0,0,0,1
41,0,7,4,0,0,0,0,0
0,0,29,0,0,0,1,0,0
0,0,53,1,0,0,1,4,1
0,0,21,0,0,0,0,0,0
0,0,11,0,0,0,0,0,0
0,0,230,5,10,0,3,0,1
0,0,1192,44,49,0,7,12,1
0,0,17,0,0,0,1,0,1
0,0,68,2,0,0,0,0,1
53,0,12,0,0,0,1,0,0
0,0,0,0,0,0,2,0,1
0,0,29,1,0,0,0,0,0
0,0,201,1,2,0,1,0,1
0,0,30,0,1,0,2,0,1
0,0,36,0,0,0,0,0,1
0,0,51,1,3,0,0,0,1
0,0,14,0,0,0,0,0,0
0,0,106,3,1,0,3,1,1
0,0,0,0,0,0,0,0,1
0,0,28,0,0,0,1,0,1
0,0,149,1,0,0,4,0,1
0,0,212,10,21,1,22,0,1
0,0,96,3,6,0,3,0,1
0,0,97,2,3,0,1,1,1
0,0,34,0,0,0,0,0,1
0,0,51,1,0,1,1,0,1
0,0,20,0,0,0,1,0,1
0,0,8,0,0,0,0,0,0
0,0,4,0,0,0,1,0,1
0,0,117,7,2,0,0,0,1
0,0,32,0,0,0,0,1,1
0,0,19,0,0,0,0,1,0
0,0,0,0,0,0,0,0,1
0,0,13,0,0,0,1,0,1
0,0,41,0,0,0,0,0,0
0,2,111,5,4,0,1,2,1
10,0,15,6,0,0,0,0,0
0,0,50,0,0,0,0,0,1
91,0,22,1,0,0,0,0,0
0,0,21,0,0,0,0,0,0
0,0,0,0,0,0,0,0,1
29,0,28,1,0,0,0,0,0
0,1,81,3,2,0,0,0,1
0,0,11,0,0,0,0,0,0
0,0,20,0,1,0,1,0,1
0,0,32,3,2,0,2,0,1
0,0,2,0,0,0,1,0,1
0,0,27,0,0,0,0,1,1
17,0,33,1,0,0,0,0,0
0,0,7,1,0,0,0,0,1
0,0,4,0,0,0,0,0,0
0,0,47,1,0,0,0,0,0
0,0,48,2,1,0,1,0,1
0,0,15,0,0,0,0,0,0
0,0,11,0,1,0,0,0,1
0,0,22,0,1,0,0,0,0
0,0,12,0,0,0,0,0,0
0,0,20,0,0,0,0,0,0
46,1,10,0,0,0,0,0,0
0,0,35,1,0,0,0,0,1
0,0,15,1,0,0,0,0,0
0,0,127,2,1,0,0,0,1
0,0,139,1,0,0,1,4,1
0,0,2,0,0,0,0,0,1
0,0,81,2,2,0,2,1,1
0,0,17,0,0,0,0,0,0
0,0,12,0,0,0,0,0,0
0,0,9,0,0,0,0,0,0
0,0,6,0,0,0,0,0,1
31,0,20,2,0,0,2,0,1
0,0,67,1,2,0,0,0,1
0,0,115,9,1,0,1,1,1
165,0,13,0,0,0,0,0,0
260,3,25,4,0,1,3,0,1
0,0,12,0,0,0,0,1,0
0,0,73,6,0,0,0,0,0
40,1,15,6,1,0,1,0,1
0,0,41,2,0,0,0,1,1
0,0,20,0,2,0,2,0,0
0,0,14,0,0,0,0,0,0
0,0,154,3,1,0,0,0,1
0,0,39,1,0,0,0,0,1
0,0,10,0,0,0,1,0,0
0,0,10,0,0,0,1,0,1
23,0,14,2,0,0,0,0,0
0,0,15,0,0,0,0,0,0
0,0,8,0,0,0,0,0,0
268,0,29,0,2,0,4,0,0
0,0,0,0,0,0,0,0,1
0,0,17,0,0,0,0,0,1
0,0,12,0,0,0,1,0,1
0,0,35,0,0,0,0,0,1
0,0,11,0,0,0,0,0,0
149,0,11,0,0,4,2,0,1
0,0,29,0,0,0,0,0,0
0,0,18,1,0,0,0,0,0
0,0,39,3,0,0,0,0,0
0,0,12,1,0,0,3,0,1
504,0,130,4,2,0,3,0,1
0,0,0,0,0,0,0,0,1
0,0,10,0,0,0,0,0,1
33,0,6,2,0,0,0,0,0
420,11,81,3,2,0,4,1,1
45,6,16,0,0,0,0,0,0
1,0,6,4,0,0,0,0,0
57,0,7,1,0,0,0,0,0
1,0,12,0,0,0,0,0,0
0,1,169,5,3,0,9,2,1
45,0,26,3,0,0,0,0,0
10,0,2,8,0,0,0,0,1
1,0,31,3,2,2,2,0,1
12,0,12,2,0,0,3,0,1
12,0,6,3,0,0,0,0,0
13,0,1,0,0,0,0,0,0
24,0,18,1,0,0,0,0,0
27,0,2,1,0,0,8,0,1
51,1,10,1,0,0,2,0,1
41,0,103,2,0,0,0,0,1
17,0,10,4,0,0,1,0,1
59,0,7,2,0,0,0,0,0
1,0,12,8,0,0,0,0,0
28,0,26,4,0,0,0,0,0
15,1,15,1,0,0,0,0,0
29,1,7,1,0,1,0,0,0
13,0,10,0,0,0,0,0,0
376,11,12,0,0,1,6,0,1
17,0,4,0,0,0,2,0,1
5,0,17,0,0,1,0,1,1
31,0,14,0,0,0,0,0,0
33,0,10,14,0,0,0,0,0
10,0,45,0,0,0,0,1,1
46,1,12,6,0,0,0,2,1
87,0,12,0,0,1,1,0,1
8,1,6,2,0,0,0,0,1
121,0,11,1,1,1,1,0,1
182,0,3,1,1,0,1,0,1
805,13,608,15,4,1,33,2,1
141,1,8,0,0,0,0,0,1
0,0,35,3,0,0,0,1,1
41,2,14,1,2,0,3,0,0
14,0,1,4,0,0,2,0,1
1,0,29,3,0,0,0,0,0
111,0,5,0,0,0,4,0,1
314,12,8,2,0,0,1,0,1
217,1,8,0,0,0,0,0,0
72,0,55,4,0,0,3,0,1
5,0,29,0,0,0,1,0,0
36,0,6,3,0,0,4,0,0
14,0,12,2,0,0,2,0,1
54,0,31,4,0,0,0,0,0
8,0,41,0,0,2,0,0,1
11,0,17,6,0,0,0,0,0
33,1,13,0,0,1,0,0,1
243,0,80,1,2,0,2,0,1
23,0,60,3,0,0,0,0,0
6,0,24,8,1,0,0,0,1
10,0,9,1,0,0,0,0,1
40,1,12,0,0,0,0,0,1
8,0,14,0,0,0,0,0,0
21,0,9,2,0,0,0,0,0
268,6,32,2,0,0,0,0,0
35,0,13,3,0,0,0,0,0
22,1,12,0,0,0,0,0,0
19,0,14,0,0,0,0,0,0
6,0,11,0,0,0,0,0,0
23,0,60,4,1,0,1,0,0
23,0,7,1,0,1,1,0,0
10,0,7,2,0,0,0,0,1
